Área;ID_Curso;nombre;URL;Nivel;Precio;Suscriptores;Vistas
desarrollador web;11174;Introducción al desarrollo web;https://www.udemia.cl/introduccion-al-desarrollo-web/;Todos los niveles; 120.000 ;197; 69.186 
desarrollador web;11475;Angular (Angular 2 o 4) y NodeJS: la guía MEAN Stack;https://www.udemia.cl/angular-2-and-nodejs-the-practical-guide/;Todos los niveles; 100.000 ;185; 26.673 
desarrollador web;15285;El curso completo de HTML5 y CSS3 Crea sitios web profesionales;https://www.udemia.cl/html5css3/;Todos los niveles; 20.000 ;17; 25.854 
desarrollador web;16646;Proyectos en PHP y MySQL;https://www.udemia.cl/the-complete-web-development-course-learn-by-building-apps/;Nivel principiante; 50.000 ;53; 35.267 
desarrollador web;19332;Aprende desarrollo web completo desde cero;https://www.udemia.cl/aprender-desarrollo-web-completo-desde-scratch/;Nivel principiante; 20.000 ;195; 31.070 
desarrollador web;19603;Flujo de trabajo de Sass;https://www.udemia.cl/sass-workflow/;Todos los niveles; 50.000 ;125; 47.886 
desarrollador web;21386;Aprende programación HTML5 desde cero;https://www.udemia.cl/learn-html5-programming-from-scratch/;Todos los niveles; - ;22; 73.110 
desarrollador web;23742;Domina el MEAN Stack - Aprende con el ejemplo;https://www.udemia.cl/master-the-mean-stack/;Todos los niveles; 35.000 ;64; 15.187 
desarrollador web;24334;Crear un reproductor de MP3 con HTML5;https://www.udemia.cl/creando-un-reproductor-mp3-con-html5/;Todos los niveles; 20.000 ;32; 25.864 
desarrollador web;28295;¡Curso completo de desarrollo web + Creación de 5 sitios web!;https://www.udemia.cl/creando-5-proyectos-de-desarrollo-web-en-html5-y-css3/;Nivel principiante; 75.000 ;24; 43.285 
desarrollador web;30243;Aprenda lo nuevo en PHP 7;https://www.udemia.cl/php7-nuevas-características/;Todos los niveles; 75.000 ;35; 21.653 
desarrollador web;30318;Autenticación AngularJS: Proteja su aplicación con Auth0;https://www.udemia.cl/angularjs-autenticación-con-autenticación0/;Nivel principiante; 50.000 ;93; 17.113 
desarrollador web;34882;Curso intensivo de Angular 4 (2+) para principiantes;https://www.udemia.cl/angular-crash-course-para-principiantes/;Nivel principiante; 20.000 ;14; 14.551 
desarrollador web;41295;Cree una página de inicio de inicio con estrategias de marketing viral;https://www.udemia.cl/create-startup-landing-page-with-viral-marketing-strategies/;Nivel principiante; - ;45; 268.923 
desarrollador web;47963;ES6 Javascript: la guía completa para desarrolladores;https://www.udemia.cl/javascript-es6-tutorial/;Todos los niveles; 195.000 ;251; 23.412 
desarrollador web;50522;Bootcamp de lienzo HTML5 para principiantes 25 sencillos pasos;https://www.udemia.cl/html5-canvas-course-para-principiantes/;Nivel principiante; 20.000 ;34; 16.486 
desarrollador web;59014;Curso definitivo de diseñador y desarrollador web: ¡Crea 23 proyectos!;https://www.udemia.cl/web-developer-course/;Nivel Experto; - ;27; 161.029 
desarrollador web;60792;Tutorial de aprendizaje de programación en JavaScript. Una guía definitiva;https://www.udemia.cl/programación-javascript/;Nivel principiante; - ;9; 23.669 
desarrollador web;63612;Aprenda PHP orientado a objetos construyendo un sitio web completo;https://www.udemia.cl/aprender-php-orientado-a-objetos-construyendo-un-sitio-web-completo/;Todos los niveles; 200.000 ;18; 22.999 
desarrollador web;64422;Crea un sitio web desde cero usando HTML CSS paso a paso;https://www.udemia.cl/create-a-website-from-scratch-using-html-css-in-1-hour/;Nivel principiante; 200.000 ;20; 16.212 
desarrollador web;64605;Taller HTML;https://www.udemia.cl/html-taller/;Todos los niveles; 100.000 ;16; 18.324 
desarrollador web;65330;Aprende y entiende NodeJS;https://www.udemia.cl/understand-nodejs/;Todos los niveles; - ;21; 72.932 
desarrollador web;79154;El curso completo de clase magistral de Bootstrap: proyectos Build 4;https://www.udemia.cl/bootstrapcourse/;Todos los niveles; 200.000 ;779; 18.170 
desarrollador web;80940;React JS y Redux - Dominio de aplicaciones web;https://www.udemia.cl/react-js-and-redux-mastering-web-apps/;Todos los niveles; 145.000 ;77; 51.257 
desarrollador web;94428;Configuración de alojamiento web e instalación de WordPress para principiantes;https://www.udemia.cl/web-hosting-wordpress-installation-for-beginners/;Todos los niveles; 40.000 ;46; 14.074 
desarrollador web;94430;React Redux React-Router: de principiante a profesional pagado;https://www.udemia.cl/react-redux-react-router/;Todos los niveles; 30.000 ;10; 84.897 
desarrollador web;94432;El Bootcamp completo para desarrolladores web: de principiante a experto;https://www.udemia.cl/job-ready-web-developer/;Todos los niveles; - ;9; 48.650 
desarrollador web;99826;Codificación para emprendedores: aprenda Python, Django y más.;https://www.udemia.cl/codificación-para-emprendedores/;Todos los niveles; 200.000 ;35; 21.730 
desarrollador web;99986;CSS y CSS3 para principiantes absolutos;https://www.udemia.cl/css-and-css3-for-absolute-beginners/;Todos los niveles; 20.000 ;15; 18.143 
desarrollador web;128946;Ingeniería web divertida y creativa con Python y Web2py;https://www.udemia.cl/ingeniería-web-con-python-y-web2py/;Todos los niveles; - ;24; 59.639 
desarrollador web;128950;Programación para Emprendedores - JavaScript;https://www.udemia.cl/tutorial-javascript/;Nivel principiante; - ;12; 15.134 
desarrollador web;130064;Beneficios de pensar primero en dispositivos móviles El futuro del diseño de sitios web;https://www.udemia.cl/thinking-mobile-websites-smart-design-tutorial/;Nivel intermedio; - ;45; 83.737 
desarrollador web;159070;Inicio rápido de AngularJS;https://www.udemia.cl/inicio-rápido-angularjs/;Todos los niveles; 20.000 ;55; 26.800 
desarrollador web;162274;Paquete de programación y desarrollo web para el regreso a clases;https://www.udemia.cl/back-to-school-web-development-and-programming-bundle/;Todos los niveles; - ;17; 19.909 
desarrollador web;164554;Aprende Angular 2 de Principiante a Avanzado;https://www.udemia.cl/aprender-angular-2-desde-principiante-a-avanzado/;Nivel principiante; 75.000 ;113; 17.802 
desarrollador web;173134;MongooseJS Essentials - Aprenda MongoDB para Node.js;https://www.udemia.cl/mongoosejs-essentials/;Nivel intermedio; 200.000 ;15; 17.071 
desarrollador web;173548;Joomla: ¡Cree un sitio web de Joomla este fin de semana SIN CODIFICACIÓN!;https://www.udemia.cl/joomla-create-a-joomla-website-this-weekend-with-no-coding/;Todos los niveles; - ;30; 120.291 
desarrollador web;188692;HTML CSS Sencillos pasos para crear una plantilla web desde cero;https://www.udemia.cl/html-css-sencillos-pasos-para-crear-una-plantilla-web-desde-cero/;Todos los niveles; - ;17; 16.527 
desarrollador web;197828;HTML y CSS para principiantes: crea un sitio web y lánzalo ONLINE;https://www.udemia.cl/html-and-css-for-beginners-crash-course-learn-fast-easy/;Nivel intermedio; - ;24; 21.087 
desarrollador web;212374;Fundamentos de Javascript;https://www.udemia.cl/javascript-essentials/;Todos los niveles; - ;25; 15.493 
desarrollador web;231176;Adobe Flash para principiantes - Cree un sitio web Flash desde cero;https://www.udemia.cl/adobe-flash-for-beginners-build-flash-website-from-scratch/;Nivel principiante; 50.000 ;80; 18.818 
desarrollador web;267560;La guía práctica para desarrolladores web definitiva;https://www.udemia.cl/aprender-desarrollo-web-guía-completa-paso-a-paso-para-el-éxito/;Nivel principiante; - ;87; 29.990 
desarrollador web;269638;El curso completo de PHP CodeIgniter: principiante a avanzado;https://www.udemia.cl/codeignitercourse/;Nivel intermedio; 150.000 ;21; 14.606 
desarrollador web;283014;Curso intensivo de Angular 2 con TypeScript;https://www.udemia.cl/angular-2-crash-course/;Todos los niveles; 135.000 ;15; 15.064 
desarrollador web;289230;JavaScript Introducción al aprendizaje de la programación web en JavaScript;https://www.udemia.cl/javascript-intro-to-learning-javascript/;Nivel principiante; 175.000 ;55; 59.361 
desarrollador web;294794;Aprenda a usar los widgets de jQuery UI;https://www.udemia.cl/aprender-a-usar-jquery-ui-widgets/;Todos los niveles; - ;12; 32.260 
desarrollador web;297390;Aprende Web Scraping con Node.js;https://www.udemia.cl/web-scraping-nodejs/;Todos los niveles; - ;30; 18.496 
desarrollador web;309820;PHP para principiantes: conviértase en un maestro de PHP: proyecto incluido;https://www.udemia.cl/php-for-complete-beginners-includes-msql-object-oriented/;Todos los niveles; - ;65; 15.092 
desarrollador web;314462;Angular 2 con TypeScript para principiantes: la guía pragmática;https://www.udemia.cl/angular-2-tutorial-para-principiantes/;Nivel principiante; - ;17; 64.128 
desarrollador web;340844;Codifique una página de destino 'Próximamente' en Bootstrap 4;https://www.udemia.cl/code-a-coming-soon-landing-page-in-bootstrap-4/;Nivel principiante; - ;60; 15.462 
desarrollador web;357726;Secretos del sitio web: obtenga un sitio web magnífico a bajo precio;https://www.udemia.cl/how-to-get-un-excelente-sitio-web-a-un-menor-costo/;Nivel principiante; - ;16; 21.147 
desarrollador web;364426;;;Todos los niveles; 175.000 ;85; 79.612 
desarrollador web;364616;Aprenda HTML y CSS: cómo comenzar su carrera de desarrollo web;https://www.udemia.cl/cómo-conseguí-un-trabajo-de-desarrollo-web-ganado-5k-freelancing/;Todos los niveles; - ;28; 15.715 
desarrollador web;369662;Aprenda los fundamentos de PHP desde cero;https://www.udemia.cl/learn-php-fundamentals-from-scratch/;Todos los niveles; 150.000 ;98; 24.575 
desarrollador web;382786;Desarrollo CSS (¡con CSS3!);https://www.udemia.cl/css-desarrollo-con-css3/;Nivel principiante; - ;21; 20.890 
desarrollador web;383204;¡Aprenda el sitio web de comercio electrónico en PHP y MySQL desde cero!;https://www.udemia.cl/sitio-web-de-comercio-electrónico-en-php-mysqli/;Todos los niveles; 100.000 ;96; 17.334 
desarrollador web;390866;Cómo configurar el alojamiento web;https://www.udemia.cl/how-to-setup-web-hosting/;Todos los niveles; 190.000 ;197; 14.103 
desarrollador web;391546;El curso completo de JavaScript: crea un proyecto del mundo real;https://www.udemia.cl/el-curso-de-javascript-completo/;Todos los niveles; 70.000 ;23; 17.714 
desarrollador web;405282;PSD a una página de destino creativa usando Twitter Bootstrap 3;https://www.udemia.cl/psd-to-responsive-html5-css3-with-bootstrap-3/;Nivel principiante; 200.000 ;286; 28.880 
desarrollador web;405926;Aprende JavaScript para principiantes;https://www.udemia.cl/aprender-javascript-curso/;Todos los niveles; - ;50; 70.773 
desarrollador web;427530;Ultimate Angular 4 (anteriormente Angular 2) con Bootstrap 4;https://www.udemia.cl/ultimate-angular-2/;Nivel principiante; 60.000 ;74; 14.813 
desarrollador web;429364;Conceptos básicos de PHP: comience a ganar los mejores dólares que se merece;https://www.udemia.cl/php-fundamentals/;Todos los niveles; - ;38; 26.541 
desarrollador web;437398;JavaScript: comprender las partes extrañas;https://www.udemia.cl/understand-javascript/;Todos los niveles; 195.000 ;77; 43.977 
desarrollador web;445534;Diseño receptivo con NUEVO Materialise;https://www.udemia.cl/responsive-design-with-new-google-materialize/;Nivel principiante; 20.000 ;21; 18.777 
desarrollador web;446134;Cómo hacer un sitio web de una sola página para autónomos y agencias;https://www.udemia.cl/how-to-make-a-portfolio-website-for-freelancers-agencies/;Nivel principiante; 200.000 ;246; 33.788 
desarrollador web;461160;Codificación para Emprendedores Básico;https://www.udemia.cl/codificación-para-emprendedores-básico/;Nivel principiante; 195.000 ;98; 58.208 
desarrollador web;470288;El curso completo de ASP.NET MVC 5;https://www.udemia.cl/the-complete-aspnet-mvc-5-course/;Nivel principiante; - ;20; 26.697 
desarrollador web;473160;Fundamentos de Programación: HTML5 + CSS3 para Emprendedores 2015;https://www.udemia.cl/html-css-more/;Todos los niveles; - ;20; 98.867 
desarrollador web;499632;React JS: cree aplicaciones JS del mundo real e impleméntelas en la nube;https://www.udemia.cl/reactjs-for-beginners-build-real-world-react-apps-deploy-on-cloud/;Todos los niveles; 75.000 ;20; 14.254 
desarrollador web;505208;Photoshop para principiantes a HTML5 y CSS3;https://www.udemia.cl/psd-html5-css3/;Nivel principiante; 20.000 ;58; 23.764 
desarrollador web;511934;Dominar la programación HTML5: la forma más fácil;https://www.udemia.cl/html5-programación-tutoriales/;Todos los niveles; - ;53; 30.531 
desarrollador web;516062;AngularJS JumpStart con Dan Wahlin;https://www.udemia.cl/angularjs-jumpstart/;Todos los niveles; 20.000 ;16; 17.554 
desarrollador web;519442;JavaScript para principiantes absolutos;https://www.udemia.cl/javascript-for-absolute-beginners/;Todos los niveles; 195.000 ;283; 33.677 
desarrollador web;534376;Aprender programación orientada a objetos bootcamp de fundamentos de PHP;https://www.udemia.cl/aprender-programación-orientada-a-objetos-php-fundamentals-bootcamp/;Nivel principiante; 75.000 ;26; 22.355 
desarrollador web;556248;Trucos de JavaScript para crear proyectos de código desde cero;https://www.udemia.cl/learn-javascript-code-create-projects-from-scratch/;Todos los niveles; 195.000 ;84; 57.422 
desarrollador web;556922;El curso completo de NodeJS: Cree una aplicación de calificación comercial completa;https://www.udemia.cl/learn-nodejs-by-building-an-employee-to-business-rating-app/;Nivel principiante; 40.000 ;29; 15.724 
desarrollador web;574876;Inicio rápido de Bootstrap 4: Codifique sitios web receptivos modernos;https://www.udemia.cl/bootstrap-4/;Nivel principiante; 100.000 ;43; 14.260 
desarrollador web;579338;Tutorial avanzado de HTML5 para desarrolladores web;https://www.udemia.cl/advanced-html5-for-web-developers/;Todos los niveles; 100.000 ;16; 22.213 
desarrollador web;580466;El curso completo de JavaScript para principiantes en desarrollo web;https://www.udemia.cl/javascriptcourse/;Nivel intermedio; 195.000 ;144; 55.332 
desarrollador web;582636;Tutorial HTML: HTML y CSS para principiantes;https://www.udemia.cl/learn-html5/;Todos los niveles; 150.000 ;68; 18.101 
desarrollador web;607048;Tecnologías Docker para DevOps y desarrolladores;https://www.udemia.cl/docker-tutorial-for-devops-run-docker-containers/;Nivel principiante; 80.000 ;21; 28.125 
desarrollador web;625204;La guía completa para desarrolladores de MongoDB;https://www.udemia.cl/the-complete-developers-guide-to-mongodb/;Nivel principiante; 200.000 ;342; 121.584 
desarrollador web;629142;Cree sitios web desde cero con HTML y CSS;https://www.udemia.cl/build-website-scratch/;Nivel principiante; 200.000 ;281; 24.861 
desarrollador web;639654;Diseño rápido de sitios web con Bootstrap;https://www.udemia.cl/diseño-de-sitio-web-responsivo/;Todos los niveles; - ;30; 17.463 
desarrollador web;642410;SEO mejorado con Rich Snippets y MicroData;https://www.udemia.cl/seo-mejorado-con-fragmentos-enriquecidos-y-microdatos/;Todos los niveles; 195.000 ;67; 24.978 
desarrollador web;648118;El Curso Completo de Desarrollador Web 2.0;https://www.udemia.cl/the-complete-web-developer-course-2/;Todos los niveles; 75.000 ;27; 16.590 
desarrollador web;652438;Reacción avanzada y Redux;https://www.udemia.cl/react-redux-tutorial/;Nivel principiante; 195.000 ;30; 17.895 
desarrollador web;653846;Aprende HTML y CSS desde cero;https://www.udemia.cl/html-and-css-from-scratch/;Nivel intermedio; 195.000 ;42; 25.799 
desarrollador web;654680;JavaScript de 1 hora;https://www.udemia.cl/1-hora-javascript/;Nivel principiante; 75.000 ;16; 15.106 
desarrollador web;674608;1 hora de CSS;https://www.udemia.cl/1-hora-css/;Nivel principiante; 195.000 ;316; 37.141 
desarrollador web;695656;Aprenda desarrollo web receptivo desde cero;https://www.udemia.cl/learn-responsive-web-development-from-scratch/;Nivel principiante; 195.000 ;46; 31.499 
desarrollador web;701634;Diseño web para desarrolladores web: ¡construya hermosos sitios web!;https://www.udemia.cl/web-design-secrets/;Todos los niveles; - ;9; 21.245 
desarrollador web;701636;Aprenda a crear hermosos sitios web HTML5 y CSS3 en 1 mes;https://www.udemia.cl/learn-to-build-beautiful-html5-and-css3-websites-in-1-month/;Todos los niveles; 75.000 ;10; 16.731 
desarrollador web;705264;Cree un reproductor de video HTML5 desde cero;https://www.udemia.cl/html5-video-player/;Todos los niveles; 180.000 ;150; 50.815 
desarrollador web;707962;Joomla 3 - Los fundamentos;https://www.udemia.cl/joomla-3-the-basics/;Todos los niveles; - ;41; 47.062 
desarrollador web;708578;Comience a crear sitios web Todo lo que necesita proporcionado;https://www.udemia.cl/get-started-creating-websites-everything-you-need-provided/;Todos los niveles; - ;13; 41.478 
desarrollador web;714724;Master WordPress Plugins: Shortcodes Ultimate - Conceptos básicos;https://www.udemia.cl/master-popular-wordpress-plugin-shortcodes-ultimate/;Todos los niveles; 30.000 ;44; 19.210 
desarrollador web;719002;El campo de entrenamiento para desarrolladores web;https://www.udemia.cl/the-web-developer-bootcamp/;Todos los niveles; 150.000 ;194; 40.070 
desarrollador web;756150;JavaScript Paso a Paso cómo aplicarlo a tus páginas web;https://www.udemia.cl/javascript-fundamentals-bootcamp-learn-how-to-use-javascript/;Nivel principiante; 190.000 ;329; 73.783 
desarrollador web;756914;Aprende y entiende AngularJS;https://www.udemia.cl/learn-angularjs/;Nivel principiante; - ;8; 21.682 
desarrollador web;764164;Aprenda a configurar sitios web desde cero;https://www.udemia.cl/learn-to-setup-websites-from-scratch/;Nivel principiante; 200.000 ;304; 114.512 
desarrollador web;766592;El curso completo de HTML y CSS: de novato a profesional;https://www.udemia.cl/htmlwebsite/;Nivel intermedio; - ;28; 20.073 
desarrollador web;772618;Aprenda a crear sitios web rápidamente con Wordpress;https://www.udemia.cl/aprende-cómo-crear-rápidamente-sitios-web-usando-wordpress/;Todos los niveles; - ;32; 36.322 
desarrollador web;778112;Diseño web Creación de sitios web desde cero;https://www.udemia.cl/web-design-creating-websites-from-scratch/;Todos los niveles; 120.000 ;27; 14.118 
desarrollador web;781532;Conozca HTML Aprenda conceptos básicos de HTML;https://www.udemia.cl/html-curso-online/;Todos los niveles; 140.000 ;119; 21.998 
desarrollador web;787236;Introducción al Desarrollo Web: HTML;https://www.udemia.cl/webdevelopment101_html/;Todos los niveles; 95.000 ;73; 22.623 
desarrollador web;806922;Conviértete en un desarrollador web desde cero;https://www.udemia.cl/how-to-become-a-web-developer-from-scratch/;Nivel principiante; 190.000 ;138; 20.652 
desarrollador web;808622;Cree sitios web receptivos del mundo real con HTML5 y CSS3;https://www.udemia.cl/diseñar-y-desarrollar-un-sitio-web-asesino-con-html5-y-css3/;Nivel principiante; - ;13; 21.689 
desarrollador web;833442;El desarrollador profesional de Ruby on Rails;https://www.udemia.cl/pro-rubyonrails/;Nivel Experto; 150.000 ;111; 17.297 
desarrollador web;851712;Guía definitiva para la integración del desarrollo web en redes sociales;https://www.udemia.cl/ultimate-guide-to-social-media-web-development-integration/;Nivel principiante; 195.000 ;113; 27.801 
desarrollador web;866460;Javascript: desde principiante hasta Pro-Build aplicaciones JS del mundo real;https://www.udemia.cl/javascript-from-beginner-to-pro-best-course/;Nivel principiante; 195.000 ;66; 29.348 
desarrollador web;874166;Obtener resultados - Principios básicos del desarrollo web Trucos Consejos;https://www.udemia.cl/web-development-foundations-base-for-your-coding-environment/;Nivel intermedio; 100.000 ;74; 16.409 
desarrollador web;882488;Conviértase en excepcional en HTML y HTML5;https://www.udemia.cl/become-Exceptional-in-html-html5/;Todos los niveles; 95.000 ;20; 23.572 
desarrollador web;949282;Cómo hacer un sitio web de videoblog desde cero con Wordpress;https://www.udemia.cl/how-to-make-a-video-blog-website/;Nivel principiante; 195.000 ;67; 32.696 
desarrollador web;963412;Puede crear sitios web increíbles con HTML CSS, aprenda cómo;https://www.udemia.cl/aprender-a-crear-html-css-web-templates-create-web-pages/;Todos los niveles; 120.000 ;37; 17.759 
desarrollador web;983534;El curso profesional completo de PHP MySQL con 5 proyectos;https://www.udemia.cl/el-curso-completo-php-mysql-professional/;Nivel principiante; 50.000 ;33; 16.926 
desarrollador web;993754;Aprenda Ruby on Rails: Procesamiento de pagos de Stripe;https://www.udemia.cl/learn-ruby-on-rails-stripe-payment-processing/;Nivel principiante; 195.000 ;159; 16.282 
desarrollador web;995016;Núcleo de Django | Una guía de referencia para los conceptos básicos de Django;https://www.udemia.cl/django-core/;Nivel intermedio; 190.000 ;329; 17.671 
desarrollador web;1025026;Angular 2+ con Typescript - Entrenamiento esencial;https://www.udemia.cl/angular-2-training/;Todos los niveles; 195.000 ;77; 28.694 
desarrollador web;1027342;Programación web con Python;https://www.udemia.cl/programacion-web-con-python/;Todos los niveles; 200.000 ;17; 14.842 
desarrollador web;1078522;Aprenda WordPress completo para crear sitios profesionales;https://www.udemia.cl/learn-complete-wordpress-for-building-a-professional-sites/;Todos los niveles; 60.000 ;77; 16.829 
desarrollador web;1107524;Conviértase en un desarrollador web certificado;https://www.udemia.cl/become-a-certified-web-developer/;Nivel principiante; 195.000 ;61; 17.784 
desarrollador web;1146014;JavaScript Rockstar Cómo crear código increíblemente útil;https://www.udemia.cl/javascript-projects-from-scratch-guia-paso-a-paso-para-aprender/;Todos los niveles; 200.000 ;19; 15.276 
desarrollador web;1171966;JavaScript para principiantes Bienvenido a aprender JavaScript;https://www.udemia.cl/javascript-for-beginners-course/;Todos los niveles; 200.000 ;125; 16.158 
;;;;;;;
desarrollador web;628222;Aprendiendo Diseño de Sitios Web Dinámicos - PHP MySQL y JavaScript;https://www.udemia.cl/learning-dynamic-website-design/;Todos los niveles; - ;25; 14.026 
desarrollador web;269006;Codifique una página de inicio personal en 1 hora;https://www.udemia.cl/introducción-a-html-y-css/;Todos los niveles; 20.000 ;19; 13.960 
desarrollador web;958750;PHP práctico: domine los conceptos básicos y codifique sitios web dinámicos;https://www.udemia.cl/code-dynamic-websites/;Todos los niveles; 75.000 ;28; 13.920 
desarrollador web;566248;Desarrollo de WordPress para principiantes;https://www.udemia.cl/wordpress-basic/;Nivel principiante; 150.000 ;47; 13.882 
desarrollador web;881210;Aprenda los conceptos básicos de programación para especialistas en marketing;https://www.udemia.cl/programacion-basica-para-marketers/;Todos los niveles; 80.000 ;62; 13.708 
desarrollador web;884946;AngularJS para principiantes;https://www.udemia.cl/angularjs-para-principiantes-udemy/;Nivel principiante; - ;18; 13.535 
desarrollador web;1165096;Aprenda a crear sitios web con Twitter Bootstrap;https://www.udemia.cl/aprender-a-crear-sitios-web-usando-twitter-bootstrap/;Todos los niveles; 80.000 ;69; 13.457 
desarrollador web;520116;EMMET Flujo de trabajo HTML y CSS más rápido: la mejor herramienta para desarrolladores;https://www.udemia.cl/emmet-start-coding-html-and-css-fast-and-easy/;Nivel principiante; 150.000 ;89; 13.439 
desarrollador web;563248;Fundamentos de copia de seguridad y restauración de WordPress;https://www.udemia.cl/wordpress-backup-and-restore-fundamentals/;Todos los niveles; 100.000 ;44; 13.406 
desarrollador web;226534;Escribe HTML5 y CSS 3 más rápido;;Todos los niveles; - ;24; 13.242 
desarrollador web;1023062;Cree su primer sitio web en 1 semana con HTML5 y CSS3;https://www.udemia.cl/crea-tu-primer-sitio-web-en-1-semana/;Nivel principiante; - ;8; 13.210 
desarrollador web;778084;Aprenda Javascript y JQuery desde cero;https://www.udemia.cl/learn-javascript-jquery-from-scratch/;Nivel principiante; - ;88; 13.130 
desarrollador web;752706;Aprende Html5 y CSS3 desde cero;https://www.udemia.cl/learn-html5-css3-from-scratch/;; - ;;
desarrollador web;861624;HTML de 1 hora;https://www.udemia.cl/1-hora-html/;Todos los niveles; 80.000 ;68; 13.010 
desarrollador web;382856;Aprenda diseño web y HTML5/CSS3 Essentials en 4 horas;https://www.udemia.cl/build-beautiful-html5-website/;Nivel principiante; - ;13; 12.974 
desarrollador web;939962;El curso completo de Sass y SCSS: de principiante a avanzado;https://www.udemia.cl/sasscourse/;Todos los niveles; 65.000 ;22; 12.953 
desarrollador web;646056;HTML 5: Cómo hice sitios web en HTML5;https://www.udemia.cl/html5-certificación/;Todos los niveles; - ;22; 12.952 
desarrollador web;917724;Comprensión práctica de PHP y MySQL;https://www.udemia.cl/comprensión-práctica-de-php-y-myqsl-demo/;Nivel principiante; 75.000 ;95; 12.893 
desarrollador web;682484;Vue JS 2 - La guía completa (incl. Vue Router y Vuex);https://www.udemia.cl/vuejs-2-la-guia-completa/;Todos los niveles; 75.000 ;20; 12.882 
desarrollador web;101864;JavaScript para principiantes: aprenda JavaScript desde cero;https://www.udemia.cl/curso-de-javascript-para-principiantes/;Nivel principiante; 200.000 ;38; 12.873 
desarrollador web;788514;Cree un sitio web receptivo con un diseño plano moderno;https://www.udemia.cl/build-responsive-website-designs-with-html5-and-css/;Nivel intermedio; 150.000 ;22; 12.838 
desarrollador web;1049092;Angular 4 (anteriormente Angular 2) - La guía completa;https://www.udemia.cl/la-guia-completa-para-angular-2/;Todos los niveles; 175.000 ;53; 12.815 
desarrollador web;732556;Pruebe AngularJS: Guía para principiantes de desarrollo web front-end;https://www.udemia.cl/try-angularjs/;Nivel intermedio; 20.000 ;22; 12.781 
desarrollador web;561136;Tutorial de servlets y JSP: aprenda aplicaciones web con Java;https://www.udemia.cl/javawebtut/;Nivel principiante; 75.000 ;36; 12.629 
desarrollador web;188828;Aprenda animación SVG - con HTML, CSS y Javascript;https://www.udemia.cl/learn-svg-animation/;Todos los niveles; - ;11; 12.563 
desarrollador web;8325;Curso completo de AJAX: aprenda técnicas de AJAX usando Bootstrap;https://www.udemia.cl/ajaxcourse/;Nivel principiante; 20.000 ;82; 12.458 
desarrollador web;657734;Cree un sitio web profesional - Garantía de 30 días. ¡Rebajado!;https://www.udemia.cl/make-your-own-business-website-beginner-and-intermediate/;Nivel intermedio; 195.000 ;26; 12.368 
desarrollador web;1247828;Core HTML Cómo conectarse rápidamente HTML a HTML5;https://www.udemia.cl/web-desarrollo-introducción-html-html5-curso/;Nivel principiante; 120.000 ;120; 12.366 
desarrollador web;777654;Aprende HTML 5 en 1 hora;https://www.udemia.cl/learn-html-5-en-1-hora/;Nivel principiante; - ;26; 12.336 
desarrollador web;217010;Ruby on Rails una guía para principiantes;https://www.udemia.cl/ruby-on-rails-a-beginners-guide-free/;Todos los niveles; 50.000 ;32; 12.328 
desarrollador web;370752;Conviértase en desarrollador web y vendedor: cree sitios web con HTML;https://www.udemia.cl/el-curso-definitivo-de-construcción-y-venta-de-sitios-web/;Nivel principiante; - ;18; 12.293 
desarrollador web;890810;El curso completo para desarrolladores de Ruby on Rails;https://www.udemia.cl/the-complete-ruby-on-rails-developer-course/;Todos los niveles; - ;24; 12.201 
desarrollador web;113706;Codeigniter: cómo usar Codeigniter que impulsa el conocimiento;https://www.udemia.cl/codeigniter/;Nivel principiante; 35.000 ;54; 12.105 
desarrollador web;723522;Aprenda el desarrollo de Bootstrap construyendo 10 proyectos;https://www.udemia.cl/learn-bootstrap-development-by-building-10-projects/;Nivel intermedio; 195.000 ;12; 12.068 
desarrollador web;746014;Aprende a Hacer una Galería de Imágenes Animadas usando HTML5;https://www.udemia.cl/aprende-a-hacer-una-galeria-de-imagenes-animadas-usando-html5/;Todos los niveles; 195.000 ;41; 12.021 
desarrollador web;560996;Desarrollo Web Haciendo: HTML/CSS Desde Cero;https://www.udemia.cl/web-development-learn-by-doing-html5-css3-from-scratch-introductory/;Nivel intermedio; 100.000 ;28; 11.892 
desarrollador web;26845;Fundamentos de JavaScript Práctica Codificación Ejercicios Consejos;https://www.udemia.cl/essentials-of-javascript-practice-coding-exercises-tips/;Todos los niveles; 50.000 ;57; 11.847 
desarrollador web;822444;Reacción moderna con Redux;https://www.udemia.cl/react-redux/;Nivel principiante; 200.000 ;191; 11.832 
desarrollador web;563668;Vue JS - Dominio de aplicaciones web;https://www.udemia.cl/vue-web-apps/;Todos los niveles; - ;19; 11.812 
desarrollador web;540724;Curso HTML Completo - Principiante a Experto;https://www.udemia.cl/the-complete-html-developer-course/;Nivel principiante; - ;8; 11.758 
desarrollador web;596192;La clase magistral completa de desarrollador web: principiante a avanzado;https://www.udemia.cl/webdevelopercourse/;Todos los niveles; - ;20; 11.666 
;;;;;;;
desarrollador web;77642;Dirigir un negocio de desarrollo web: la guía completa;https://www.udemia.cl/la-guía-completa-para-ejecutar-un-negocio-de-desarrollo-web/;Todos los niveles; 100.000 ;21; 11.643 
desarrollador web;696016;Arquitectura sin servidor en Amazon Web Services;https://www.udemia.cl/arquitectura-sin-servidor-en-aws/;Todos los niveles; 200.000 ;15; 11.574 
desarrollador web;920544;Curso acelerado de jQuery: aprenda los conceptos básicos de jQuery rápidamente;https://www.udemia.cl/learn-jquery-crash-course/;Todos los niveles; 20.000 ;60; 11.536 
desarrollador web;699618;Fundamentos de HTML5 para principiantes;https://www.udemia.cl/html5-elementos-esenciales-para-principiantes/;Nivel principiante; - ;18; 11.533 
desarrollador web;789324;El curso completo de negocios de sitios web de WordPress;https://www.udemia.cl/the-complete-wordpress-website-business-course/;Todos los niveles; 200.000 ;118; 11.492 
desarrollador web;945978;HTML CSS: Pasos esenciales para aprender HTML CSS;https://www.udemia.cl/html-and-css-basics/;Nivel principiante; 50.000 ;80; 11.384 
desarrollador web;460056;Curso completo de PHP con el sistema CMS Bootstrap3 y el panel de administración;https://www.udemia.cl/curso-php-completo/;Todos los niveles; 55.000 ;26; 11.339 
desarrollador web;1052304;Domina los conceptos básicos de HTML5 y CSS3: desarrollo web para principiantes;https://www.udemia.cl/master-the-basics-of-html5-css3-beginner-web-development/;Nivel intermedio; 195.000 ;77; 11.285 
desarrollador web;379722;jQuery Fundamentals Powerful Bootcamp para principiantes;https://www.udemia.cl/jquery-fundamentals-bootcamp-learn-how-to-use-jquery/;Nivel principiante; 50.000 ;18; 11.262 
desarrollador web;736940;Spring Framework 4 e inyección de dependencia para principiantes;https://www.udemia.cl/spring-framework-video-tutorial/;Nivel principiante; 95.000 ;19; 11.170 
desarrollador web;241590;Desarrollo práctico de sitios web CSS: Curso acelerado;https://www.udemia.cl/css-website-development-crash-course/;Nivel principiante; 20.000 ;13; 11.167 
desarrollador web;294408;Aprende a crear un tema de WordPress usando Pinegrow;https://www.udemia.cl/aprende-cómo-crear-un-tema-de-wordpress-usando-pinegrow/;Todos los niveles; - ;7; 11.080 
desarrollador web;142666;Aprende a usar JSON;https://www.udemia.cl/aprender-a-usar-json/;Nivel principiante; - ;13; 11.026 
desarrollador web;615106;Cree un sitio web receptivo usando HTML5, CSS3, JS y Bootstrap;https://www.udemia.cl/build-responsive-website-using-html5-css3-js-and-bootstrap/;Todos los niveles; 200.000 ;36; 11.011 
desarrollador web;1000574;Bootstrap libera el poder del desarrollo web más rápido y más fácil;https://www.udemia.cl/bootstrap-3-responsive-design-tutorial-fundamentals/;Todos los niveles; 150.000 ;129; 10.945 
desarrollador web;394832;Cree sitios web del mundo real desde cero usando HTML5 y CSS3;https://www.udemia.cl/desarrollo-web-html5-css3/;Todos los niveles; - ;25; 10.917 
desarrollador web;113518;Creación de sitios web JavaScript y el DOM;https://www.udemia.cl/building-websites-learn-javascript-and-the-dom/;Todos los niveles; 75.000 ;33; 10.890 
desarrollador web;701570;El curso original completo de desarrollador web.;https://www.udemia.cl/thecompletewebdeveloper/;Todos los niveles; 195.000 ;59; 10.874 
desarrollador web;729552;Aprenda JavaScript para el desarrollo web;https://www.udemia.cl/javascript-learn-javascript-essentials-and-build-project/;Nivel principiante; 50.000 ;26; 10.864 
desarrollador web;708674;Cómo hacer un sitio web de cartera en línea desde cero;https://www.udemia.cl/how-to-make-a-portfolio-website-photographers-designers/;Todos los niveles; - ;19; 10.780 
desarrollador web;149042;Introducción al desarrollo de CSS;https://www.udemia.cl/refactoru-intro-to-css/;Todos los niveles; 20.000 ;17; 10.689 
desarrollador web;1017116;Aprende AngularJS paso a paso;https://www.udemia.cl/maruti-angularjs/;Nivel principiante; 200.000 ;26; 10.674 
desarrollador web;158934;Cree un sitio web receptivo plano desde cero - Curso completo;https://www.udemia.cl/build-flat-responsive-website-from-scratch-complete-course/;Todos los niveles; 20.000 ;10; 10.610 
desarrollador web;266252;Cómo hacer un sitio web de Wordpress 2017;https://www.udemia.cl/wordpress-4-para-principiantes/;Nivel principiante; 60.000 ;88; 10.606 
desarrollador web;609992;Fundamentos de ExpressJS;https://www.udemia.cl/expressjs-fundamentals/;Nivel principiante; 145.000 ;23; 10.576 
desarrollador web;559512;Inicio rápido de ASP.Net MVC;https://www.udemia.cl/aspnet-mvc-inicio-rápido/;Todos los niveles; 195.000 ;57; 10.518 
desarrollador web;587902;Campamento de entrenamiento para desarrolladores web Python y Django Full Stack;https://www.udemia.cl/python-and-django-full-stack-web-developer-bootcamp/;Nivel principiante; 90.000 ;34; 10.394 
desarrollador web;176432;Aprenda Python y Django: procesamiento de pagos;https://www.udemia.cl/learn-django-code-aceptar-pagos-con-banda/;Nivel principiante; 20.000 ;15; 10.247 
desarrollador web;763774;Desarrollo de juegos con JavaScript: crea tu propio juego de ruptura;https://www.udemia.cl/javascript-game-development-create-your-own-breakout-game/;Todos los niveles; - ;21; 10.179 
desarrollador web;582392;Conceptos básicos de JavaScript Bloques de construcción de desarrollo web;https://www.udemia.cl/javascript-basics-web-development-building-blocks/;Nivel principiante; 95.000 ;17; 10.179 
desarrollador web;481002;Aprende Nodejs construyendo 12 proyectos;https://www.udemia.cl/learn-nodejs-by-building-10-projects/;Nivel principiante; 50.000 ;90; 10.150 
desarrollador web;155640;Construyendo un motor de búsqueda en PHP y MySQL;https://www.udemia.cl/creando-un-motor-de-busqueda-en-php/;Todos los niveles; - ;12; 10.110 
desarrollador web;752658;PHP: la guía definitiva de PHP para todos;https://www.udemia.cl/basic-php/;Todos los niveles; 115.000 ;20; 10.103 
desarrollador web;922600;Curso acelerado de desarrollo web CSS;https://www.udemia.cl/css-course/;Todos los niveles; 20.000 ;26; 10.008 
desarrollador web;1093734;HTML5 y CSS3 para principiantes: crea un sitio web desde cero;https://www.udemia.cl/html5-and-css3-for-beginners-create-a-website-from-scratch/;Nivel intermedio; 200.000 ;43; 9.945 
desarrollador web;30240;El curso definitivo de desarrollo web;https://www.udemia.cl/build-an-instant-update-database-interface-with-jquery-ajax/;Nivel intermedio; 50.000 ;136; 9.881 
desarrollador web;212376;Primeros pasos como desarrollador web;https://www.udemia.cl/refactoru-empezando-como-desarrollador-web/;Nivel Experto; - ;15; 9.833 
desarrollador web;978852;Inicio del desarrollo web Aprende los conceptos básicos de HTML;https://www.udemia.cl/aprende-los-conceptos-básicos-de-html-en-menos-de-una-semana/;Todos los niveles; 95.000 ;59; 9.832 
desarrollador web;1017568;El curso completo de PHP Bootcamp con proyecto para compartir videos;https://www.udemia.cl/php-bootcamp/;Nivel intermedio; 195.000 ;74; 9.831 
desarrollador web;465870;Introducción a Oracle WebLogic para administradores;https://www.udemia.cl/learn-oracle-weblogic-12c-essentials/;Nivel principiante; - ;7; 9.786 
desarrollador web;991290;Clase maestra de JavaScript dinámico AJAX JSON API simples;https://www.udemia.cl/ajax-course/;Nivel principiante; 200.000 ;65; 9.773 
desarrollador web;992114;Cree una aplicación CRUD completa con PHP, MYSQL y JQUERY;https://www.udemia.cl/build-a-complete-crud-application-with-php-mysql-jquery/;Nivel intermedio; 20.000 ;112; 9.762 
desarrollador web;482834;HTML5 para principiantes;https://www.udemia.cl/html-complete-html-course-for-beginners/;Nivel principiante; 195.000 ;59; 9.687 
desarrollador web;669270;Capacitación básica de JQuery Essentials para la web dinámica interactiva;https://www.udemia.cl/jquery-essentials-core-training-for-dynamic-interactive-web/;Todos los niveles; 100.000 ;52; 9.668 
desarrollador web;991630;Prueba Django 1.10 | Crear un servicio de acortamiento de URL;https://www.udemia.cl/try-django-1-10/;Todos los niveles; 50.000 ;40; 9.607 
desarrollador web;629088;Codifique su primer sitio web usando HTML y CSS: Project Learning;https://www.udemia.cl/code-your-first-website-using-html-css-project-learning/;Nivel intermedio; 20.000 ;16; 9.554 
desarrollador web;920306;Sitio web para principiantes: aprenda a construir sitios web como tejer;https://www.udemia.cl/diseño-web-para-abuelas-con-html/;Todos los niveles; 20.000 ;14; 9.425 
desarrollador web;575880;El curso completo de Wordpress: cree su propio sitio web hoy;https://www.udemia.cl/wordpresscourse/;Nivel principiante; 195.000 ;36; 9.421 
desarrollador web;647442;Creación exitosa de sitios web: todo lo que necesita saber;https://www.udemia.cl/total-guide-to-creating-websites-and-an-online-web-business/;Todos los niveles; 150.000 ;16; 9.384 
desarrollador web;316704;Tutorial de capacitación introductorio de JavaScript simplificado;https://www.udemia.cl/introductory-javascript-made-easy-training-tutorial/;Nivel principiante; 20.000 ;131; 9.381 
desarrollador web;134144;Ruby on Rails: capacitación y habilidades para crear aplicaciones web;https://www.udemia.cl/la-guía-de-startups-para-el-desarrollo-web-con-ruby-on-rails/;Nivel intermedio; 95.000 ;43; 9.375 
desarrollador web;336938;Aprenda a crear una aplicación web sin codificación;https://www.udemia.cl/aprende-cómo-construir-una-aplicación-web-sin-codificación/;Todos los niveles; - ;10; 9.364 
desarrollador web;924704;Curso Ultimate Web Developer Cree 10 sitios web desde cero;https://www.udemia.cl/ultimate-web-developer-course-build-10-websites-from-scratch/;Nivel intermedio; 200.000 ;402; 9.359 
desarrollador web;260756;El curso esencial de desarrollador web: crea 12 sitios web;https://www.udemia.cl/el-curso-esencial-para-desarrolladores-web/;Todos los niveles; 200.000 ;177; 9.355 
desarrollador web;704732;Aprenda y gane con HTML y CSS;https://www.udemia.cl/aprender-y-ganar-con-html-css/;Nivel intermedio; 20.000 ;69; 9.349 
desarrollador web;673420;HTML CSS JavaScript: las formas más populares de codificar HTML CSS JS;https://www.udemia.cl/html-css-javascript/;Todos los niveles; 170.000 ;33; 9.332 
desarrollador web;947098;Entendiendo TypeScript;https://www.udemia.cl/comprender-mecanografiado/;Todos los niveles; 110.000 ;137; 9.132 
desarrollador web;295843;Introducción a Laravel 4;https://www.udemia.cl/introduccion-a-laravel-4/;Todos los niveles; - ;22; 9.110 
desarrollador web;318638;Proyectos en JavaScript y JQuery;https://www.udemia.cl/proyectos-en-javascript-jquery/;Todos los niveles; 60.000 ;50; 9.109 
desarrollador web;246154;Diseño web para principiantes: codificación del mundo real en HTML y CSS;https://www.udemia.cl/diseño-web-para-principiantes-codificación-del-mundo-real-en-html-css/;Nivel principiante; 100.000 ;58; 9.103 
desarrollador web;1073793;Comience a escribir JavaScript hoy - Curso de JavaScript para principiantes;https://www.udemia.cl/empezar-a-escribir-javascript-hoy/;Todos los niveles; 100.000 ;27; 9.067 
desarrollador web;752432;Cómo crear un sitio web sin codificación - WordPress 2016;https://www.udemia.cl/como-crear-un-sitio-web-wordpress-2016/;Todos los niveles; 195.000 ;31; 9.056 
desarrollador web;566910;Cómo lanzar su propio servicio de creación de sitios web;https://www.udemia.cl/how-to-launch-your-own-website-builder-service/;Todos los niveles; 20.000 ;12; 9.028 
desarrollador web;778226;Creación de proyectos HTML5 Canvas desde cero;https://www.udemia.cl/building-html5-canvas-projects-from-scratch/;Nivel principiante; 100.000 ;25; 8.968 
desarrollador web;1039062;Webpack 2: la guía completa para desarrolladores;https://www.udemia.cl/webpack-2-the-complete-developers-guide/;Nivel principiante; 75.000 ;56; 8.964 
desarrollador web;197836;Proyectos en HTML5;https://www.udemia.cl/proyectos-en-html5/;Todos los niveles; 60.000 ;75; 8.777 
desarrollador web;599532;Cómo configurar un sitio web de Wordpress autohospedado en 30 minutos;https://www.udemia.cl/how-to-set-up-a-wordpress-website-custom-domain-in-30-mins/;Todos los niveles; - ;13; 8.770 
desarrollador web;1033944;Administración de flujos de trabajo sin servidor con AWS Step Functions;https://www.udemia.cl/aws-step-functions/;Todos los niveles; - ;8; 8.768 
desarrollador web;82778;Todo sobre NodeJS;https://www.udemia.cl/all-about-nodejs/;Todos los niveles; 50.000 ;133; 8.755 
desarrollador web;629082;Descubre HTML Guía esencial de HTML cómo crear páginas web;https://www.udemia.cl/intro-to-html-beginners-guide-to-html-how-to-create-webpages/;Todos los niveles; 85.000 ;22; 8.711 
desarrollador web;944906;Complementos y widgets de WordPress;https://www.udemia.cl/wordpress-plugins-y-widgets/;Todos los niveles; 40.000 ;12; 8.711 
desarrollador web;1158572;Aprende Angular 4 desde cero;https://www.udemia.cl/aprender-angular-desde-cero/;Todos los niveles; - ;11; 8.693 
desarrollador web;671552;Desarrollo web React y Flux para principiantes;https://www.udemia.cl/react-flux/;Todos los niveles; 100.000 ;63; 8.691 
desarrollador web;797038;Aprenda jQuery por curso de ejemplo;https://www.udemia.cl/curso-completo-jquery/;Todos los niveles; 170.000 ;73; 8.625 
desarrollador web;856490;Especialista en diseño de interacción para desarrolladores web;https://www.udemia.cl/interaction-design-specialist-for-web-developers/;Nivel principiante; 95.000 ;18; 8.594 
desarrollador web;59535;HTML para principiantes;https://www.udemia.cl/hmtl5-training/;Nivel principiante; - ;35; 8.592 
desarrollador web;570416;JSON Faster Sleeker & Easier Descubre los beneficios aprendelo;https://www.udemia.cl/introduction-to-json-javascript-object-notation-tutorial/;Todos los niveles; 200.000 ;31; 8.577 
desarrollador web;758582;PHP con Laravel para principiantes - Conviértete en un maestro en Laravel;https://www.udemia.cl/php-with-laravel-for-beginners-become-a-master-in-laravel/;Todos los niveles; 150.000 ;308; 8.496 
desarrollador web;169144;Cómo administrar fácilmente su sitio web de WordPress;https://www.udemia.cl/manage-wordpress-sitio-web/;Nivel principiante; 20.000 ;21; 8.462 
desarrollador web;264790;Cómo instalar WordPress desde cero;https://www.udemia.cl/install-wordpress/;Todos los niveles; - ;13; 8.415 
desarrollador web;212624;Introducción a HTML;https://www.udemia.cl/refactoru-intro-html/;Todos los niveles; - ;18; 8.371 
desarrollador web;311538;Fundamentos del desarrollo web front-end;https://www.udemia.cl/fundamentos-del-desarrollo-front-end/;Todos los niveles; - ;129; 8.337 
desarrollador web;639848;Técnicas gráficas PHP: CAPTCHA/ Crear un código de verificación;https://www.udemia.cl/php-graphic-techniques-captcha-watermark-crop-thumbnail/;Todos los niveles; 20.000 ;11; 8.320 
desarrollador web;641868;El curso de Docker para DevOps: Del desarrollo a la producción;https://www.udemia.cl/the-docker-for-devops-course-from-development-to-production/;Todos los niveles; 25.000 ;110; 8.234 
desarrollador web;674646;PHP Essential Cómo crear sitios web asombrosos con PHP;https://www.udemia.cl/php-essential-how-to-create-build-asombroso-sitios-web-con-php/;Todos los niveles; 75.000 ;44; 8.067 
desarrollador web;906700;Sass: de principiante a avanzado;https://www.udemia.cl/sass-from-beginner-to-advanced/;Todos los niveles; 40.000 ;39; 8.059 
desarrollador web;1090870;Tutorial completo del complemento WooCommerce para Wordpress 2017;https://www.udemia.cl/complete-woocommerce-plugin-tutorial-for-wordpress-2017/;Nivel principiante; - ;16; 7.922 
desarrollador web;866696;Servicio REST WCF en ASP.NET;https://www.udemia.cl/rest-wcf-service-in-aspnet/;Todos los niveles; - ;5; 7.905 
desarrollador web;747552;Crear un sitio web HTML5 CSS3 Curso para principiantes;https://www.udemia.cl/how-to-build-a-website-html5-css3-beginner-course/;Nivel principiante; 150.000 ;28; 7.884 
desarrollador web;16151;Desarrollo AJAX;https://www.udemia.cl/ajax-desarrollo/;Nivel principiante; 20.000 ;23; 7.867 
desarrollador web;1166070;Curso completo de Bootstrap 4: crea 3 proyectos;https://www.udemia.cl/bootstrap-4-tutorials/;Todos los niveles; - ;36; 7.865 
desarrollador web;425910;Cómo optimizar la velocidad y la seguridad de su sitio web de WordPress para mejorar el SEO y la experiencia del usuario;https://www.udemia.cl/how-to-make-your-wordpress-site-blazing-fast/;Nivel Experto; 125.000 ;31; 7.852 
desarrollador web;938560;El curso completo de hacking ético 2.0: Python y Kali Linux;https://www.udemia.cl/penetration-testing-ethical-hacking-course-python-kali-linux/;Todos los niveles; 195.000 ;66; 7.827 
desarrollador web;607056;JavaScript Introducción a JavaScript orientado a objetos;https://www.udemia.cl/javascript-introducción-a-javascript-orientado-a-objetos/;Nivel intermedio; 90.000 ;23; 7.789 
desarrollador web;147908;JavaScript para desarrolladores web principiantes;https://www.udemia.cl/aprender-programación-javascript/;Todos los niveles; 75.000 ;33; 7.785 
desarrollador web;1016536;Aprenda a administrar y personalizar sitios web con Drupal CMS;https://www.udemia.cl/drupal-course/;Todos los niveles; 140.000 ;36; 7.741 
desarrollador web;803378;JavaScript en acción Proyectos de JavaScript;https://www.udemia.cl/javascript-in-action-learn-javascript-projects/;Nivel principiante; 150.000 ;17; 7.720 
desarrollador web;30911;API de HTML5 para JavaScript: un curso para desarrolladores web;https://www.udemia.cl/html5-apis-for-javascript-a-course-for-web-developers/;Todos los niveles; 50.000 ;45; 7.706 
desarrollador web;161986;Aprenda a construir su propio sitio web sin codificación;https://www.udemia.cl/aprende-a-construir-tu-propio-sitio-web-sin-codificar/;Todos los niveles; 50.000 ;19; 7.660 
desarrollador web;159760;Cree un sitio web personalizado de WordPress para un cliente;https://www.udemia.cl/create-custom-responsive-wordpress-website-client/;Nivel intermedio; 95.000 ;47; 7.517 
desarrollador web;548278;El curso completo de desarrollo web - Build 15 Projects;https://www.udemia.cl/curso-desarrollo-web-completo/;Todos los niveles; 200.000 ;384; 7.501 
desarrollador web;631128;Curso web completo de Python: compilar 8 aplicaciones web de Python;https://www.udemia.cl/the-complete-python-web-course-learn-by-building-8-apps/;Todos los niveles; 110.000 ;173; 7.489 
desarrollador web;436496;SAP Crystal Reports con ASP.Net (Paso a paso);https://www.udemia.cl/sap-crystalreports-for-beginners/;Nivel principiante; - ;5; 7.484 
desarrollador web;200742;Cree un sitio web de una sola página usando Twitter Bootstrap 3;https://www.udemia.cl/create-single-page-website-using-twitter-bootstrap/;Nivel Experto; 20.000 ;13; 7.449 
desarrollador web;513958;Curso completo de JavaScript para principiantes con ejemplos sencillos;https://www.udemia.cl/javascript-for-dummies-and-newbies/;Nivel principiante; 200.000 ;32; 7.449 
desarrollador web;911318;Maestro ECMAScript 2015 (ES6);https://www.udemia.cl/ecmascript2015/;Todos los niveles; - ;37; 7.438 
desarrollador web;515188;HTML Aprendiendo los conceptos básicos Introducción a la codificación de sitios web HTML;https://www.udemia.cl/html-learning-the-basics-intro-to-html-website-coding/;Todos los niveles; 20.000 ;14; 7.416 
desarrollador web;76052;Prueba Django 1.9 | Cree un blog y aprenda la biblioteca n.º 1 de Python;https://www.udemia.cl/try-django/;Nivel principiante; 50.000 ;147; 7.407 
desarrollador web;560990;JavaScript DOM Dynamic Web contenido interactivo Boot Camp;https://www.udemia.cl/javascript-dom-dynamic-web-interactive-content-boot-camp/;Todos los niveles; 75.000 ;59; 7.380 
desarrollador web;783158;Primeros pasos con HTML;https://www.udemia.cl/html-curso-básico/;Nivel principiante; 40.000 ;17; 7.375 
desarrollador web;92760;Curso intensivo: fundamentos de HTML y CSS desde cero.;https://www.udemia.cl/beginner-crash-course-fundamentals-of-html-css-in-60-mins/;Todos los niveles; 20.000 ;52; 7.368 
desarrollador web;1109736;Principiantes Introducción al Desarrollo Web;https://www.udemia.cl/explorar-desarrollo-web/;Todos los niveles; 200.000 ;18; 7.331 
desarrollador web;270976;Una guía de cómo en HTML;https://www.udemia.cl/a-how-to-guide-in-html/;Nivel principiante; - ;8; 7.318 
desarrollador web;784544;Curso de Introducción a HTML: ¡Aprende HTML en 2 horas!;https://www.udemia.cl/html-introduction-course-learn-html-in-2-hours/;Nivel principiante; - ;28; 7.304 
desarrollador web;718426;Cree un formulario de registro de usuario dinámico desde cero;https://www.udemia.cl/create-a-dynamic-user-registration-form-from-scratch/;Todos los niveles; 100.000 ;38; 7.213 
desarrollador web;481696;Codifique y hágase rico: gane más como empresario o desarrollador;https://www.udemia.cl/code-grow-rich-earn-more-as-an-emprendedor-or-developer/;Todos los niveles; 200.000 ;491; 7.211 
desarrollador web;1241518;Curso de administrador de paquetes de nodos: creación y publicación de módulos de NPM;https://www.udemia.cl/node-package-manager-course-build-and-publish-npm-modules/;Todos los niveles; 30.000 ;38; 7.196 
desarrollador web;928858;Aprenda a construir un sitio web profesional usando Joomla;https://www.udemia.cl/aprende-cómo-construir-un-sitio-web-profesional-usando-joomla/;Todos los niveles; 70.000 ;29; 7.184 
desarrollador web;989452;Curso completo de JQuery y JQuery UI para principiantes;https://www.udemia.cl/complete-jquery-and-jquery-ui-course-for-beginner/;Todos los niveles; 80.000 ;20; 7.169 
desarrollador web;531954;Proyectos en AngularJS - Aprende construyendo 10 Proyectos;https://www.udemia.cl/learn-angularjs-desarrollo/;Nivel principiante; 40.000 ;77; 7.146 
desarrollador web;716310;Cree un sitio web poderoso con Cool Bootstrap Framework;https://www.udemia.cl/e107-tutorial-for-beginner-build-bootstrap-website/;Todos los niveles; - ;25; 7.142 
desarrollador web;65493;Codificación para niños - Principiantes CSS;https://www.udemia.cl/kids-coding-beginners-css/;Nivel intermedio; 100.000 ;17; 7.130 
desarrollador web;584786;JavaScript HTML CSS Proyecto hacer un Quiz Tutorial;https://www.udemia.cl/javascript-html-css-project-make-a-quiz-tutorial/;Nivel intermedio; 95.000 ;24; 7.130 
desarrollador web;106178;Conviértase en un Heroku Rails Ninja: herramientas de implementación de nivel experto;https://www.udemia.cl/become-a-heroku-rails-ninja/;Todos los niveles; 50.000 ;30; 7.090 
desarrollador web;1217948;Aprenda cómo convertirse en un desarrollador web desde cero;https://www.udemia.cl/aprender-cómo-convertirse-en-un-desarrollador-web-front-end-desde-cero/;Nivel principiante; 200.000 ;172; 7.062 
desarrollador web;1252630;React JS - Dominar Redux;https://www.udemia.cl/react-js-mastering-redux/;Nivel principiante; 100.000 ;58; 7.059 
desarrollador web;1009254;Desarrollo de API para principiantes en Node, Express, ES6 y MongoDB;https://www.udemia.cl/api-desarrollo/;Nivel principiante; 165.000 ;65; 7.057 
desarrollador web;1041426;Cómo construir y hacer un sitio web de Wordpress desde cero 2017;https://www.udemia.cl/how-to-build-and-make-a-wordpress-website-from-scratch-2017/;Todos los niveles; - ;24; 7.055 
desarrollador web;389018;Cómo crear un sitio web de Wordpress desde cero: sin codificación;https://www.udemia.cl/how-to-create-a-wordpress-website-from-scratch-no-coding/;Todos los niveles; 20.000 ;38; 7.018 
desarrollador web;462668;Cómo construir un sitio web desde cero + plan de blogs;https://www.udemia.cl/how-to-build-a-website-from-scratch-blogging-blueprint/;Nivel intermedio; 20.000 ;28; 7.017 
desarrollador web;11153;Aprenda jQuery: un curso detallado para principiantes;https://www.udemia.cl/jquery/;Todos los niveles; 50.000 ;62; 7.014 
desarrollador web;1227322;React vs Angular vs Vue.js por ejemplo;https://www.udemia.cl/react-vs-angular-vs-vuejs-by-example/;Todos los niveles; - ;30; 6.958 
desarrollador web;451938;Cómo configurar un microblog en 3 sencillos pasos;https://www.udemia.cl/configura-tu-propio-micro-blog-en-3-pasos-sencillos/;Nivel principiante; 25.000 ;7; 6.937 
desarrollador web;1191946;Primeros pasos con Angular 2+;https://www.udemia.cl/empezando-con-angular-2/;Nivel principiante; - ;14; 6.909 
desarrollador web;511838;El curso de desarrollador web avanzado;https://www.udemia.cl/el-curso-de-desarrollador-web-avanzado/;Nivel principiante; 100.000 ;90; 6.890 
desarrollador web;1024888;¡Cómo hacer un BLOG moderno de Wordpress 2017! ¡Crea tu blog!;https://www.udemia.cl/how-to-make-a-modern-wordpress-blog-2017-create-your-blog/;Todos los niveles; - ;19; 6.856 
desarrollador web;140238;Conviértase en un desarrollador web profesional | Versión 3.0;https://www.udemia.cl/web-desarrollo-tutoriales/;Todos los niveles; 200.000 ;454; 6.851 
desarrollador web;125806;Programación completa de JavaScript;https://www.udemia.cl/comprehensive-javascript-programming/;Nivel principiante; 20.000 ;27; 6.760 
desarrollador web;288466;Conviértase en un desarrollador web Kick-Ass: de novato a profesional;https://www.udemia.cl/become-a-web-developer/;Nivel intermedio; 200.000 ;353; 6.751 
desarrollador web;730542;Introducción al diseño de voz con Alexa de Amazon;https://www.udemia.cl/amazonalexa/;Nivel principiante; - ;6; 6.742 
desarrollador web;1105778;Serie de tutoriales de programación A-Frame WebVR (realidad virtual);https://www.udemia.cl/a-frame-webvr/;Todos los niveles; 40.000 ;22; 6.648 
desarrollador web;812588;El curso completo de jQuery: ¡desde principiante hasta avanzado!;https://www.udemia.cl/jquery-tutorial/;Todos los niveles; 195.000 ;50; 6.636 
desarrollador web;65492;Codificación para niños - HTML para principiantes;https://www.udemia.cl/kids-coding-beginner-html/;Nivel principiante; 20.000 ;19; 6.628 
desarrollador web;670034;JavaScript avanzado;https://www.udemia.cl/top-javascript-entrevista-preguntas-y-respuestas/;Nivel principiante; 200.000 ;26; 6.601 
desarrollador web;242574;Programación Orientada a Objetos (OOP) en PHP - Cree un sitio OOP;https://www.udemia.cl/programacion-orientada-a-objetos-en-php/;Nivel principiante; 20.000 ;36; 6.588 
desarrollador web;1027812;Cree una aplicación meteorológica con Ajax utilizando Open Weather Map API;https://www.udemia.cl/build-a-weather-app-with-ajax-using-open-weather-map-api/;Todos los niveles; 20.000 ;38; 6.548 
desarrollador web;832862;Meteor y React para aplicaciones en tiempo real;https://www.udemia.cl/meteor-react-tutorial/;Todos los niveles; 140.000 ;111; 6.527 
desarrollador web;565282;Aprenda a crear diferentes diseños de sitios web y consultas de medios;https://www.udemia.cl/websitelayouts/;Todos los niveles; 195.000 ;22; 6.510 
desarrollador web;611308;Curso Completo de PHP y MySql: De Principiante a Profesional;https://www.udemia.cl/curso-completo-php-mysql-para-principiantes-de-comienzo-a-final/;Nivel principiante; 200.000 ;90; 6.508 
desarrollador web;473548;PHP OOP: Programación Orientada a Objetos para principiantes + Proyecto;https://www.udemia.cl/oop-php-programación-orientada-a-objetos-con-proyecto-1-curso/;Nivel intermedio; 200.000 ;221; 6.497 
desarrollador web;552598;WordPress en menos de una hora - ¡Crea/administra tu propio sitio web!;https://www.udemia.cl/aprender-wordpress-en-57-minutos/;Nivel principiante; - ;15; 6.474 
desarrollador web;1161118;Sumérgete en Docker: el curso de Docker para desarrolladores;https://www.udemia.cl/dive-into-docker-the-complete-docker-course-for-developers/;Todos los niveles; - ;22; 6.437 
desarrollador web;877124;El curso completo de jQuery: ¡desde principiante hasta profesional!;https://www.udemia.cl/complete-jquery-developer-course-beginner-to-pro/;Todos los niveles; 200.000 ;188; 6.420 
desarrollador web;389240;Cómo hacer un sitio web sin codificación: WordPress y habilidades web;https://www.udemia.cl/hacer-un-sitio-web-sin-codigo-curso-de-wordpress/;Todos los niveles; 30.000 ;123; 6.413 
desarrollador web;1109926;GraphQL con React: la guía completa para desarrolladores;https://www.udemia.cl/graphql-with-react-course/;Nivel principiante; 150.000 ;114; 6.412 
desarrollador web;883706;Tutorial para principiantes de Wordpress: cree su primer sitio web;https://www.udemia.cl/wordpress-beginner-tutorial-build-your-first-website/;Nivel principiante; - ;23; 6.402 
desarrollador web;366720;Filtros de imagen CSS: la manipulación del color de las imágenes web modernas;https://www.udemia.cl/super-awesome-images-with-css-image-filters/;Todos los niveles; - ;16; 6.315 
desarrollador web;651780;jQuery para principiantes: una introducción básica;https://www.udemia.cl/jquery-for-beginners-a-basic-introduction/;Nivel principiante; 65.000 ;8; 6.293 
desarrollador web;73080;HTML y CSS paso a paso para principiantes absolutos;https://www.udemia.cl/paso-a-paso-html-y-css-para-principiantes-absolutos/;Nivel Experto; 120.000 ;43; 6.162 
desarrollador web;477702;Python para principiantes: lenguaje de programación Python | Tutorial;https://www.udemia.cl/curso-python/;Todos los niveles; 150.000 ;84; 6.153 
desarrollador web;823996;JavaScript de pila completa: aprenda Backbone.js, Node.js y MongoDB;https://www.udemia.cl/fullstack-javascript/;Nivel principiante; 50.000 ;15; 6.134 
desarrollador web;959586;Javascript de nivel principiante a avanzado;https://www.udemia.cl/javascript-from-beginner-to-advanced-level/;Todos los niveles; 195.000 ;50; 6.134 
desarrollador web;326244;Instalación de Wordpress 4 - Instalación, Registradores y Alojamiento;https://www.udemia.cl/installing-wordpress-domain-registrars-and-web-hosting/;Todos los niveles; 45.000 ;28; 6.117 
desarrollador web;1009452;Cree aplicaciones empresariales con Angular 2 (y Angular 4);https://www.udemia.cl/angular2-advanced/;Nivel principiante; 190.000 ;135; 6.082 
desarrollador web;328476;Complete el desarrollo web ASP NET MVC: ¡novato en Ninja!;https://www.udemia.cl/mejor-desarrollo-web-profesional-técnicas-para-el-éxito/;Todos los niveles; 195.000 ;66; 6.073 
desarrollador web;399640;Introducción a HTML y CSS: desarrollo web para principiantes;https://www.udemia.cl/introducción-a-html-y-css-basics/;Todos los niveles; 20.000 ;35; 6.008 
desarrollador web;628430;Proyecto JavaScript Aprende a crear un juego de memoria y más;https://www.udemia.cl/javascript-project-learn-to-create-a-memory-game-and-more/;Todos los niveles; 95.000 ;25; 6.000 
desarrollador web;665042;8 hermosas aplicaciones de Ruby on Rails en 30 días y TDD - Immersive;https://www.udemia.cl/8-hermosas-ruby-on-rails-apps-in-30-days/;Nivel principiante; 100.000 ;132; 5.962 
desarrollador web;178640;Introducción al desarrollo web;https://www.udemia.cl/introduccion-al-desarrollo-web2/;Todos los niveles; 50.000 ;42; 5.921 
desarrollador web;886614;Capacitación acelerada de JavaScript ES6;https://www.udemia.cl/es6-bootcamp-next-generation-javascript/;Todos los niveles; 110.000 ;114; 5.811 
desarrollador web;818990;Git a Web Developer Job: dominar el flujo de trabajo moderno;https://www.udemia.cl/git-a-web-developer-job-mastering-the-modern-workflow/;Todos los niveles; 200.000 ;61; 5.809 
desarrollador web;537008;Sea un desarrollador de Bootstrap desde cero;https://www.udemia.cl/be-a-bootstrap-developer-from-scratch/;Nivel intermedio; 100.000 ;32; 5.800 
desarrollador web;98140;Introducción a Bootstrap 3;https://www.udemia.cl/introduction-to-bootstrap-3/;Todos los niveles; 20.000 ;29; 5.795 
desarrollador web;1140532;Explore la guía para principiantes de JavaScript para codificar JavaScript;https://www.udemia.cl/javascript-beginners-course/;Nivel principiante; 200.000 ;29; 5.739 
desarrollador web;1254172;Formulario de registro de PHP receptivo: desde cero;https://www.udemia.cl/responsive-php-registration-form/;Todos los niveles; 95.000 ;35; 5.738 
desarrollador web;476408;Aprende HTML, Una guía práctica desde cero a HTML 5;https://www.udemia.cl/learn-html-a-practical-guide-from-scratch-to-html-5/;Nivel intermedio; 100.000 ;31; 5.715 
desarrollador web;945602;Script de registro de inicio de sesión de usuario de PHP con todas las características;https://www.udemia.cl/php-user-login-registration-system/;Nivel principiante; 200.000 ;47; 5.603 
desarrollador web;1181900;JavaScript dinámico interactivo para principiantes DOM;https://www.udemia.cl/javascript-dom/;Todos los niveles; 200.000 ;21; 5.559 
desarrollador web;32649;PHP y MySQL - Aprende de la manera más fácil. Domine PHP y MySQL rápidamente;https://www.udemia.cl/aprendizaje-php-y-mysql-desarrollo-de-forma-fácil/;Todos los niveles; 50.000 ;143; 5.549 
desarrollador web;309370;Bootstrap 3 -> ¡Desarrollo rentable de temas de WordPress!;https://www.udemia.cl/bootstrap-wordpress/;Todos los niveles; 40.000 ;40; 5.547 
desarrollador web;1248974;Aprenda Bootstrap 4 con el ejemplo;https://www.udemia.cl/aprender-bootstrap-4-by-example/;Todos los niveles; - ;9; 5.542 
desarrollador web;380178;Introducción al alojamiento web: cómo publicar su sitio web en línea;https://www.udemia.cl/introducción-alojamiento-web/;Nivel principiante; - ;11; 5.533 
desarrollador web;760752;Conceptos básicos de JavaScript para principiantes Introducción a la codificación;https://www.udemia.cl/learn-javascript-for-beginners-introduction-to-coding-course/;Nivel principiante; 150.000 ;18; 5.495 
desarrollador web;426196;JavaScript de principiante a experto;https://www.udemia.cl/javascript-from-beginner-to-expert-bring-life-to-your-site/;Todos los niveles; 125.000 ;92; 5.484 
desarrollador web;72262;1 hora jQuery;https://www.udemia.cl/1-hora-jquery/;Nivel principiante; 100.000 ;25; 5.456 
desarrollador web;1229274;Desarrollo de complementos de WP: ¡construya su propio complemento!;https://www.udemia.cl/wp-plugin-development-build-your-own-plugin/;Nivel principiante; 200.000 ;24; 5.439 
desarrollador web;374590;Cree un sitio web profesional sin programación/codificación;https://www.udemia.cl/create-professional-websites/;Nivel principiante; - ;20; 5.421 
desarrollador web;297044;Aprenda WCF y API web desde cero;https://www.udemia.cl/learn-wcf-and-web-apis-from-scratch/;Nivel principiante; 50.000 ;83; 5.398 
desarrollador web;1127988;Tutorial angular para principiantes;https://www.udemia.cl/tutorial-angular-para-principiantes/;Todos los niveles; - ;36; 5.397 
desarrollador web;342084;Inicie su propio sitio web del foro en 15 minutos;https://www.udemia.cl/foro-desarrollo-web/;Todos los niveles; 40.000 ;15; 5.387 
desarrollador web;573716;Aprenda programación PHP para principiantes absolutos;https://www.udemia.cl/learn-php-programming-for-absolute-beginners/;Todos los niveles; 35.000 ;20; 5.368 
desarrollador web;846210;¡Aprende HTML en 2 horas!;https://www.udemia.cl/learn-html5-in-2-hours/;Nivel intermedio; - ;13; 5.351 
desarrollador web;921474;El curso completo de ingeniero DevOps 2.0 - Java y Kubernetes;https://www.udemia.cl/the-complete-devops-engineer-course-20-java-kubernetes/;Todos los niveles; 195.000 ;117; 5.335 
desarrollador web;1144726;Cree una aplicación del mundo real con ASP.NET Core y Angular 2 (4+);https://www.udemia.cl/aspnet-core-angular/;Nivel principiante; 190.000 ;160; 5.332 
desarrollador web;629044;Desarrollo web inspirador - Un enfoque para principiantes -;https://www.udemia.cl/inspiracional-web-desarrollo-nivel-0/;Nivel principiante; 20.000 ;28; 5.328 
desarrollador web;1103448;Aprenda cómo convertir PSD a HTML y CSS receptivo;https://www.udemia.cl/aprender-cómo-convertir-psd-a-html-y-css-responsive/;Todos los niveles; 30.000 ;14; 5.324 
desarrollador web;504316;Aprende Jquery desde cero Capacitación de 2 horas;https://www.udemia.cl/jquery_complete/;Todos los niveles; 20.000 ;13; 5.318 
desarrollador web;1054814;Aprenda a crear diseños adaptables en 30 minutos;https://www.udemia.cl/learn-to-create-responsive-layouts-in-30-minutes/;Nivel principiante; - ;6; 5.301 
desarrollador web;904462;El campo de entrenamiento completo de elixir y fénix;https://www.udemia.cl/the-complete-elixir-and-phoenix-bootcamp-and-tutorial/;Nivel principiante; 50.000 ;123; 5.279 
desarrollador web;554570;Creando un Portafolio en 90 minutos (HTML, CSS, Js);https://www.udemia.cl/construya-un-portafolio-sitio-web-en-90-minutos-html-css-js/;Nivel principiante; 20.000 ;24; 5.272 
desarrollador web;951060;Diseño web Cómo crear un sitio web HTML CSS Bootstrap;https://www.udemia.cl/how-to-create-a-website-html-css-bootstrap/;Todos los niveles; 75.000 ;29; 5.263 
desarrollador web;581256;Tutorial de Django: ¡Cree su primera aplicación de forma rápida y gratuita!;https://www.udemia.cl/create-your-first-django-website-fast-free/;Todos los niveles; 20.000 ;27; 5.228 
desarrollador web;997814;Angular 2 y TypeScript Desarrollo web para principiantes;https://www.udemia.cl/angular2/;Todos los niveles; 200.000 ;133; 5.211 
desarrollador web;1068590;Dominio del sitio web de Wordpress 2017;https://www.udemia.cl/wordpress-website-mastery-2017/;Nivel principiante; - ;22; 5.181 
desarrollador web;554384;Spring Framework 4 (Java Enterprise JEE) con AngularJS;https://www.udemia.cl/java-spring-mvc-framework-with-angularjs-by-google-and-html5/;Nivel principiante; 95.000 ;70; 5.177 
desarrollador web;970600;API REST con Flask y Python;https://www.udemia.cl/rest-api-frasco-y-python/;Todos los niveles; 110.000 ;115; 5.151 
desarrollador web;883002;Aprenda el desarrollo de Angular 2 creando 12 aplicaciones;https://www.udemia.cl/learn-angular-2-development-by-building-10-apps/;Nivel principiante; 50.000 ;80; 5.143 
desarrollador web;507992;Wordpress para principiantes: crea un sitio web profesional;https://www.udemia.cl/aprende-como-crear-un-sitio-web-con-wordpress/;Nivel principiante; 200.000 ;35; 5.129 
desarrollador web;874960;Cree un sitio web receptivo con HTML5, CSS3 y Bootstrap 4;https://www.udemia.cl/construir-un-sitio-web-responsivo-con-html5-css3-y-bootstrap-4/;Nivel Experto; 20.000 ;53; 5.125 
desarrollador web;527952;PHP para principiantes: cómo construir una tienda de comercio electrónico;https://www.udemia.cl/php-for-beginners-how-to-build-an-ecommerce-store/;Nivel principiante; 100.000 ;138; 5.117 
desarrollador web;780056;Cómo crear su primer sitio web con HTML y CSS;https://www.udemia.cl/como-crear-un-sitio-web-con-html-y-css/;Nivel principiante; 100.000 ;37; 5.097 
desarrollador web;405818;Javascript para principiantes Aprende haciendo ejercicios prácticos;https://www.udemia.cl/javascript-for-beginners-introduction-learn-fast-easy/;Todos los niveles; 100.000 ;29; 5.089 
desarrollador web;151956;Diseño web receptivo: hecho fácil;https://www.udemia.cl/responsive-web-design-made-easy/;Todos los niveles; 195.000 ;27; 5.085 
desarrollador web;543090;Introducción a la programación con Ruby;https://www.udemia.cl/newbie-to-ruby/;Todos los niveles; 45.000 ;66; 5.077 
desarrollador web;642696;Cree un sitio web en 30 minutos;https://www.udemia.cl/sitio-web-de-30-minutos/;Todos los niveles; 95.000 ;12; 5.065 
desarrollador web;358508;Crea un blog de Jekyll y alójalo en Github como un Ninja;https://www.udemia.cl/create-free-jekyll-blog-on-github-pages-like-a-ninja/;Todos los niveles; 20.000 ;11; 5.056 
desarrollador web;375136;Rock Solid Wordpress Security - Desarrollo web seguro;https://www.udemia.cl/rock-solid-wordpress-security-secure-wordpress-easily/;Nivel intermedio; - ;23; 5.052 
desarrollador web;1218130;React VR: creación de aplicaciones de realidad virtual;https://www.udemia.cl/react-vr/;Nivel intermedio; 80.000 ;43; 5.026 
desarrollador web;861122;Bootstrap 4: Exploración de nuevas características;https://www.udemia.cl/bootstrap-40exploring-new-features/;Nivel principiante; 75.000 ;13; 5.022 
desarrollador web;576722;Simple y fácil: Wordpress para principiantes;https://www.udemia.cl/simple-y-facil-wordpress-101/;Nivel intermedio; - ;32; 5.014 
desarrollador web;708558;Aprenda los conceptos básicos de HTML desde cero;https://www.udemia.cl/learn-html-from-scratch/;Todos los niveles; - ;21; 5.004 
desarrollador web;306556;Tutorial de Backbone: aprende Backbonejs desde cero;https://www.udemia.cl/backbonejs-tutorial/;Nivel principiante; 90.000 ;60; 4.957 
desarrollador web;988982;Implementación de Laravel: inicie su aplicación Laravel en línea;https://www.udemia.cl/laravel-deployment/;Nivel principiante; - ;13; 4.905 
desarrollador web;918870;HTML CSS Aprende a crear un sitio web desde cero;https://www.udemia.cl/html-css-learn-to-create-a-website-from-scratch/;Nivel principiante; 50.000 ;32; 4.892 
desarrollador web;1002030;Desarrollo web con el lenguaje de programación Go (golang) de Google;https://www.udemia.cl/go-programming-language/;Todos los niveles; 65.000 ;171; 4.872 
desarrollador web;806020;Cree su primer sitio de Wordpress en menos de una hora;https://www.udemia.cl/como-instalar-wordpress-/;Todos los niveles; 20.000 ;12; 4.867 
desarrollador web;903526;Curso acelerado de desarrollo web HTML;https://www.udemia.cl/html-tutorials/;Nivel principiante; 20.000 ;17; 4.848 
desarrollador web;1115222;Aprender y comprender Reaccionar;https://www.udemia.cl/aprender-y-comprender-reaccionar-y-redux-i/;Todos los niveles; 30.000 ;123; 4.848 
desarrollador web;657710;Ruby on Rails para principiantes completos;https://www.udemia.cl/ruby-on-rails-tutorial-for-complete-beginners/;Nivel principiante; 35.000 ;84; 4.839 
desarrollador web;575644;Creación de una aplicación de Ruby on Rails con Neo4j;https://www.udemia.cl/construyendo-una-aplicación-de-ruby-on-rails-con-neo4j/;Nivel principiante; - ;7; 4.830 
desarrollador web;687466;El desarrollador de JavaScript completo: pila MEAN de cero a héroe;https://www.udemia.cl/the-complete-javascript-developer-mean-stack-zero-to-hero/;Todos los niveles; 75.000 ;53; 4.820 
desarrollador web;653754;Posicionamiento CSS para principiantes absolutos: una introducción básica;https://www.udemia.cl/aprender-cómo-funciona-el-posicionamiento-css-a/;Todos los niveles; 65.000 ;11; 4.797 
desarrollador web;1124970;¡Javascript ES6! Una guía de referencia completa para Javascript ES6;https://www.udemia.cl/javascript-es6-una-guía-de-referencia-completa-para-javascript-es6/;Todos los niveles; 175.000 ;48; 4.783 
desarrollador web;53256;Conceptos básicos de Bootstrap: programe sitios web receptivos;https://www.udemia.cl/code-responsive-website-twitter-bootstrap/;Todos los niveles; 75.000 ;28; 4.743 
desarrollador web;837950;Customizr - Aprende WordPress con el último tema creativo;https://www.udemia.cl/wpcustomizrcourse/;Nivel intermedio; - ;69; 4.735 
desarrollador web;484872;Aprenda a crear su propia red social;https://www.udemia.cl/crea-tu-propia-red-social/;Todos los niveles; 50.000 ;14; 4.732 
desarrollador web;886300;Entrenamiento acelerado de JavaScript;https://www.udemia.cl/javascript-bootcamp-2016/;Nivel principiante; 110.000 ;126; 4.720 
desarrollador web;552198;Completo Sistema de Login y Registro en PHP y MYSQL;https://www.udemia.cl/login-and-registration-system-in-php-and-mysql-step-by-step/;Nivel principiante; 200.000 ;28; 4.714 
desarrollador web;970874;Complete AJAX usando Bootstrap, PHP de básico a avanzado.;https://www.udemia.cl/completa-ajax-usando-bootstrap-php-desde-básico-a-avanzado/;Nivel principiante; 195.000 ;18; 4.708 
desarrollador web;;;;; - ;;
desarrollador web;303514;Proyectos en CSS;https://www.udemia.cl/proyectos-en-css/;Nivel principiante; 60.000 ;54; 4.689 
desarrollador web;959604;Fundamentos de JS angular;https://www.udemia.cl/angular-js-crash-course/;Todos los niveles; 195.000 ;24; 4.687 
desarrollador web;416282;Cómo construir su propio sitio web con WordPress: una guía paso a paso;https://www.udemia.cl/crea-tu-propio-sitio-web-con-wordpress-una-guia-paso-a-paso/;Nivel principiante; 95.000 ;56; 4.675 
desarrollador web;1114060;Matraz Tutorial paso a paso;https://www.udemia.cl/python-flask-tutorial-paso-a-paso/;Todos los niveles; - ;19; 4.645 
desarrollador web;621022;Proyectos en MongoDB - Aprenda los proyectos de construcción de MongoDB;https://www.udemia.cl/proyectos-en-mongodb/;Nivel intermedio; 50.000 ;93; 4.628 
desarrollador web;1023070;Creación de un diseño de FaceBook usando Bootstrap - Handson Project;https://www.udemia.cl/facebook-design-using-bootstrap/;Todos los niveles; 80.000 ;19; 4.616 
desarrollador web;495484;JavaScript para principiantes con ejemplos en vivo;https://www.udemia.cl/javascript-from-basic-fundamentals-to-advanced/;Nivel principiante; 195.000 ;49; 4.587 
desarrollador web;1178394;Devtools 2017: los conceptos básicos de las herramientas para desarrolladores de Chrome;https://www.udemia.cl/devtools-2017-the-basics-of-chrome-developer-tools/;Todos los niveles; - ;18; 4.569 
desarrollador web;669536;Póngase en marcha con AngularJS con Dion Yang;https://www.udemia.cl/golpea-el-suelo-corriendo-con-angularjs-con-dion-yang/;Nivel principiante; 100.000 ;13; 4.563 
desarrollador web;576694;Último curso de complemento de WordPress;https://www.udemia.cl/wordpress-plugin-curso/;Nivel principiante; 100.000 ;49; 4.537 
desarrollador web;681514;¡Curso completo de PHP con programación orientada a objetos de principio a fin!;https://www.udemia.cl/complete-object-oriented-programming-in-php-start-to-finish/;Todos los niveles; 200.000 ;29; 4.529 
desarrollador web;764076;Aprenda Bootstrap3 con diseño de página única multipropósito;https://www.udemia.cl/single-page-layout-with-bootstrap/;Todos los niveles; - ;122; 4.503 
desarrollador web;1106646;Iniciador de desarrollo de blogs de Laravel;https://www.udemia.cl/laravel-blog-desarrollo/;Nivel principiante; - ;20; 4.499 
desarrollador web;982860;Django + AngularJS para una aplicación web potente;https://www.udemia.cl/django-angularjs/;Nivel principiante; 95.000 ;36; 4.463 
desarrollador web;825354;React.js rápidamente: desarrollo de interfaces de usuario web escalables;https://www.udemia.cl/react-quickly/;Nivel principiante; 50.000 ;24; 4.447 
desarrollador web;791030;Potencia HTML5 con JavaScript;https://www.udemia.cl/power-up-html5-with-javascript/;Nivel principiante; 100.000 ;28; 4.442 
desarrollador web;1079624;HTML y CSS para principiantes absolutos;https://www.udemia.cl/html-and-css-for-absolute-beginners-with-examples/;Nivel principiante; - ;26; 4.410 
desarrollador web;548068;Fundamentos de JavaScript;https://www.udemia.cl/fundamentos de javascript/;Todos los niveles; - ;100; 4.409 
desarrollador web;688092;JQuery Cree ventanas emergentes superpuestas desde cero usando Jquery;https://www.udemia.cl/jquery-create-modal-popup-windows-from-scratch-using-jquery/;Todos los niveles; 50.000 ;29; 4.407 
desarrollador web;1201054;Crear aplicación CRUD - PHP y Mysql;https://www.udemia.cl/build-crud-application-php-mysql/;Nivel principiante; - ;12; 4.405 
desarrollador web;929130;Angular 4: De la teoría a la práctica y libro electrónico GRATIS;https://www.udemia.cl/angular-2-de-la-teoria-a-la-practica/;Nivel principiante; 200.000 ;129; 4.375 
desarrollador web;320798;Cómo crear un sitio web de WordPress sin pagar a un desarrollador;https://www.udemia.cl/wordpress-website-in-under-one-hour/;Todos los niveles; 20.000 ;17; 4.333 
desarrollador web;737468;Cómo crear un entorno local de Wordpress;https://www.udemia.cl/how-to-create-a-local-wordpress-environment/;Nivel principiante; - ;12; 4.306 
desarrollador web;593128;Instalar WordPress en la computadora usando XAMPP;https://www.udemia.cl/wordpress-xampp/;Todos los niveles; - ;15; 4.290 
desarrollador web;810550;Creación y hospedaje efectivo de sitios web personales;https://www.udemia.cl/construcción-y-alojamiento-eficaz-de-sitio-web-personal/;Todos los niveles; 20.000 ;11; 4.259 
desarrollador web;70640;Programación en Python: cree un mercado digital en Django;https://www.udemia.cl/codificación-para-emprendedores-marketplace-daily-deals/;Todos los niveles; 195.000 ;161; 4.198 
desarrollador web;553582;Aprende JavaScript desde cero;https://www.udemia.cl/aprender-javascript-desde-cero/;Nivel principiante; 20.000 ;44; 4.193 
desarrollador web;304490;Un curso de SQL Server 2014 /ASP.NET/CSS/C#/jQuery de 13 horas;https://www.udemia.cl/learnsqlwithsqlserver2014/;Nivel principiante; 35.000 ;86; 4.183 
desarrollador web;446608;AJAX: Construyamos un proyecto COOL;https://www.udemia.cl/ajax-para-principiantes-con-jquery-php-mysql-tutorial/;Todos los niveles; 70.000 ;38; 4.183 
desarrollador web;769390;Master Class de Angular 2 con Alejandro Rangel;https://www.udemia.cl/angular-2-clase-magistral-con-alejandro-rangel/;Nivel principiante; 30.000 ;80; 4.157 
desarrollador web;907386;Cómo crear un sitio web de Wordpress 2016 | ¡NUEVO tema Divi 3.0!;https://www.udemia.cl/how-to-create-a-wordpress-website-2016-new-divi-theme-30/;Todos los niveles; 40.000 ;43; 4.144 
desarrollador web;1145430;Estilo angular y animaciones (para Angular 2 y Angular 4);https://www.udemia.cl/angular-styling-animations-for-angular-2-and-angular-4/;Nivel principiante; 120.000 ;107; 4.138 
desarrollador web;420652;Directivas personalizadas de AngularJS con Dan Wahlin;https://www.udemia.cl/angularjs-custom-directives/;Nivel principiante; 75.000 ;61; 4.128 
desarrollador web;125162;Cree e implemente una aplicación web en 3 horas;https://www.udemia.cl/crea-e-implementa-una-aplicacion-web-en-3-horas/;Todos los niveles; 50.000 ;34; 4.123 
desarrollador web;200854;Curso acelerado de HTML y CSS para principiantes;https://www.udemia.cl/html-and-css-crash-course-para-principiantes/;Nivel principiante; 50.000 ;31; 4.123 
desarrollador web;1113036;Dominar los selectores de CSS 3.0;https://www.udemia.cl/css3-selectors/;Todos los niveles; - ;13; 4.115 
desarrollador web;942366;Introducción a HTML y CSS;https://www.udemia.cl/introductorio-a-html-y-css/;Nivel intermedio; 50.000 ;15; 4.106 
desarrollador web;965528;Clase magistral de desarrollo web - Curso de certificado completo;https://www.udemia.cl/web-development-masterclass-complete-certificate-course/;Todos los niveles; 200.000 ;348; 4.090 
desarrollador web;311916;Cree un sitio web receptivo con Bootstrap 3;https://www.udemia.cl/create-a-responsive-website-with-bootstrap-3/;Nivel principiante; 50.000 ;22; 4.076 
desarrollador web;833398;Clase magistral angular;https://www.udemia.cl/angular-2-fundamentals-with-typescript-for-pro-developers-systemjs/;Todos los niveles; 150.000 ;99; 4.057 
desarrollador web;82412;Introducción al desarrollo de aplicaciones web PHP con Symfony;https://www.udemia.cl/symfony-desarrollo/;Nivel principiante; 200.000 ;20; 4.040 
desarrollador web;761768;Cree un sistema de registro completo usando PHP, jQuery y Ajax;https://www.udemia.cl/create-sign-up-system-using-jquery-ajax-and-php/;Nivel intermedio; 200.000 ;25; 4.033 
desarrollador web;720144;HTML CSS básico y diseño web;https://www.udemia.cl/basic-html-css-web-design/;Todos los niveles; 30.000 ;46; 4.030 
desarrollador web;860812;Conceptos básicos de JavaScript - JavaScript para principiantes;https://www.udemia.cl/javascript-the-basics-for-beginners/;Nivel intermedio; 120.000 ;93; 4.028 
desarrollador web;365816;Crear un sitio web profesional de WordPress;https://www.udemia.cl/wordpress-sin-codificación/;Nivel intermedio; 145.000 ;52; 4.020 
desarrollador web;384078;¡Aprende HTML rápido y fácil!;https://www.udemia.cl/aprender-a-codificar-html/;Nivel intermedio; 20.000 ;17; 4.011 
desarrollador web;875882;Creación de animaciones usando HTML5 Canvas;https://www.udemia.cl/hmtl5-canvas-animaciones/;Todos los niveles; 25.000 ;12; 4.010 
desarrollador web;1200874;Conviértase en desarrollador PHP de Facebook: autenticación sin contraseña;https://www.udemia.cl/php-facebook-developer-password-less-authentication/;Todos los niveles; 195.000 ;37; 4.001 
desarrollador web;912996;The Bubble Course: crea aplicaciones web completas sin programar;https://www.udemia.cl/bubble-course/;Nivel principiante; 30.000 ;47; 3.960 
desarrollador web;1176686;Dominar los selectores básicos de CSS.;https://www.udemia.cl/mastering-basic-css-selectors/;Todos los niveles; - ;14; 3.933 
desarrollador web;1260288;Máster en Programación JavaScript, 3 Proyectos Incluidos !!;https://www.udemia.cl/master-javascript-programming-extended-course/;Nivel principiante; 20.000 ;107; 3.903 
desarrollador web;615084;Laravel (5.2) PHP Framework Jump Start para principiantes;https://www.udemia.cl/laravel-php-framework-jump-start-for-beginners/;Nivel intermedio; 20.000 ;32; 3.898 
desarrollador web;857270;Conviértase en un desarrollador de HTML y CSS - Cree un sitio receptivo;https://www.udemia.cl/aprender-a-codificar-en-html-y-css/;Todos los niveles; - ;29; 3.894 
desarrollador web;595728;Curso completo de HTML5 y CSS3 +1 proyecto de principio a fin;https://www.udemia.cl/complete-html5-and-css3-course-1-start-to-finish-project/;Todos los niveles; 200.000 ;94; 3.887 
desarrollador web;678150;Granja de Laravel;https://www.udemia.cl/laravel-homestead/;Nivel principiante; - ;9; 3.883 
desarrollador web;604044;Wordpress para principiantes: cree un sitio web en vivo desde cero;https://www.udemia.cl/wordpress_for_beginners/;Nivel principiante; 20.000 ;15; 3.877 
desarrollador web;745306;Cree aplicaciones en tiempo real | React Js, Golang y RethinkDB;https://www.udemia.cl/realtime-apps-with-reactjs-golang-rethinkdb/;Nivel principiante; 60.000 ;48; 3.854 
desarrollador web;482404;CSS3 para principiantes;https://www.udemia.cl/css-learn-css-from-scratch/;Nivel intermedio; 195.000 ;25; 3.831 
desarrollador web;1033686;Configuración del servidor local de WordPress y migración del sitio en línea;https://www.udemia.cl/wordpress-local-install-and-two-methods-to-migrate-online/;Todos los niveles; 55.000 ;12; 3.801 
desarrollador web;1049344;Cómo iniciar un blog de WordPress - ¡Guía completa para principiantes!;https://www.udemia.cl/how-to-start-a-blog-complete-beginners-guide/;Nivel intermedio; - ;32; 3.784 
desarrollador web;1239022;Cómo crear un sitio web inmobiliario con Wordpress 2017;https://www.udemia.cl/como-crear-un-sitio-web-de-bienes-raices-con-wordpress-2017/;Nivel principiante; - ;11; 3.782 
desarrollador web;529028;Desarrollo de complementos de WordPress para 2017: compilar 14 complementos;https://www.udemia.cl/advanced-wordpress-development-take-control-of-the-back-end/;Todos los niveles; 50.000 ;72; 3.770 
desarrollador web;1102962;Material angular: inicio rápido;https://www.udemia.cl/estilo-aplicaciones-angulares-con-material-angular/;Todos los niveles; - ;14; 3.766 
desarrollador web;821526;Cómo crear un sitio web comercial en 1 día con Wix RÁPIDO Y FÁCIL;https://www.udemia.cl/how-i-make-a-professional-website-in-1-day-or-less-with-wix/;Todos los niveles; 20.000 ;25; 3.759 
desarrollador web;511378;Aprenda transición y animación CSS;https://www.udemia.cl/css-transition-and-animation/;Nivel principiante; 100.000 ;20; 3.757 
desarrollador web;219838;Aprenda el curso acelerado de XML: descubra los fundamentos esenciales de XML;https://www.udemia.cl/learn-xml-crash-course/;Todos los niveles; 50.000 ;18; 3.704 
desarrollador web;593544;PHP MVC Framework CodeIgniter Tutorial para principiantes Proyecto;https://www.udemia.cl/php-mvc-framework-codeigniter-tutorial-for-beginners-project/;Nivel intermedio; 100.000 ;125; 3.701 
desarrollador web;796010;Desarrolle su primera aplicación en una hora;https://www.udemia.cl/desarrolle-su-primera-aplicación-en-una-hora/;Nivel intermedio; 20.000 ;11; 3.699 
desarrollador web;8324;JavaScript para principiantes;https://www.udemia.cl/beginning-javascript/;Todos los niveles; 20.000 ;48; 3.697 
desarrollador web;566920;WordPress para principiantes - Tutorial - De novato a experto;https://www.udemia.cl/wordpress-for-beginners-tutorial-from-novice-to-know-how/;Nivel principiante; 20.000 ;39; 3.694 
desarrollador web;1169848;Cree su propia aplicación de calculadora con Javascript, HTML5 y CSS;https://www.udemia.cl/crear-una-calculadora-aplicacion-web-con-javascript-html-css/;Todos los niveles; 50.000 ;11; 3.688 
desarrollador web;1084894;Extensiones de Chrome: desarrolle 5 extensiones de Chrome desde cero;https://www.udemia.cl/chrome-extension-dev/;Nivel principiante; - ;44; 3.655 
desarrollador web;834924;Cómo crear formularios HTML;https://www.udemia.cl/how-to-create-html-forms/;Todos los niveles; 30.000 ;7; 3.652 
desarrollador web;900434;VueJS V1 Introducción al marco JavaScript de VueJS;https://www.udemia.cl/vuejs-introducción-a-vuejs-javascript-framework/;Nivel principiante; 200.000 ;31; 3.632 
desarrollador web;993146;Aprenda JSON con objetos JavaScript y API en 1 hora;https://www.udemia.cl/json-course/;Nivel principiante; 95.000 ;19; 3.619 
desarrollador web;947498;Diseño web HTML CSS Cómo crear un sitio web desde cero;https://www.udemia.cl/html-css-how-to-create-a-website-from-scratch/;Todos los niveles; 50.000 ;22; 3.601 
desarrollador web;739090;La guía completa para el desarrollo de JavaScript;https://www.udemia.cl/el-curso-de-desarrollo-de-javascript-completo/;Nivel intermedio; 110.000 ;104; 3.590 
desarrollador web;1246622;Cree e implemente un servidor LAMP en AWS;https://www.udemia.cl/construir-e-implementar-un-servidor-lamp-en-aws/;Nivel principiante; - ;8; 3.571 
desarrollador web;1249968;Conceptos básicos de JQuery - Aprende JQuery desde cero;https://www.udemia.cl/jquery-basics-learn-jquery-from-scratch/;Nivel intermedio; 100.000 ;18; 3.559 
desarrollador web;1086834;Cómo hacer un sitio web de Wordpress 2017 | Tutorial del tema Divi;https://www.udemia.cl/how-to-make-a-wordpress-website-2017-divi-theme-tutorial/;Nivel principiante; 40.000 ;37; 3.541 
desarrollador web;1174446;Marketing por correo electrónico: envíe correos electrónicos ilimitados a través del propio servidor de correo;https://www.udemia.cl/email-marketing-send-ilimited-emails-via-own-mail-server/;Todos los niveles; 35.000 ;20; 3.539 
desarrollador web;994740;Cree un sitio web de comercio electrónico Wordpress 2016 - ¡Nuevo tema Divi!;https://www.udemia.cl/create-an-ecommerce-wordpress-website-2016-new-divi-theme/;Todos los niveles; 30.000 ;41; 3.503 
desarrollador web;1203894;Cómo hacer un sitio web de comercio electrónico con Wordpress 2017;https://www.udemia.cl/how-to-make-an-ecommerce-website-with-wordpress-2017/;Nivel intermedio; - ;26; 3.493 
desarrollador web;1023196;A Conceptos básicos completos de Laravel desde principiante hasta experto;https://www.udemia.cl/aprender-laravel-desde-principiante-a-experto/;Todos los niveles; 25.000 ;12; 3.492 
desarrollador web;597256;Aprenda a programar en Ruby de forma sencilla;https://www.udemia.cl/learn-ruby-programming-the-easy-way/;Nivel intermedio; 35.000 ;19; 3.485 
desarrollador web;683394;El curso completo de HTML5;https://www.udemia.cl/learn-html-by-building-websites/;Todos los niveles; 20.000 ;23; 3.461 
desarrollador web;1090194;Todo en uno HTML CSS y JQuery;https://www.udemia.cl/todo-en-uno-html-css-y-jquery/;Todos los niveles; 20.000 ;16; 3.444 
desarrollador web;368340;Desarrollo web profesional en Python usando Flask;https://www.udemia.cl/python-flask-course/;Todos los niveles; 120.000 ;102; 3.420 
desarrollador web;883000;Curso completo de desarrollador de temas de WordPress con Bootstrap;https://www.udemia.cl/the-complete-wordpress-theme-developer-course/;Todos los niveles; 150.000 ;160; 3.415 
desarrollador web;92194;Cree un sitio web clasificado en 2 horas - garantizado;https://www.udemia.cl/crea-un-sitio-web-clasificado-en-2-horas-garantizado/;Nivel intermedio; 50.000 ;22; 3.411 
desarrollador web;564366;Ajax en JavaScript y JQuery, con PHP: creación de una aplicación de chat;https://www.udemia.cl/ajax-en-javascript-y-jquery-con-php/;Todos los niveles; 200.000 ;15; 3.399 
desarrollador web;467426;Conviértase en un desarrollador web certificado: de principiante a experto;https://www.udemia.cl/jquery101/;Todos los niveles; 200.000 ;85; 3.397 
desarrollador web;976598;Creación de sitios web Crear un formulario de contacto web totalmente funcional;https://www.udemia.cl/cómo-crear-un-formulario-de-contacto-web-totalmente-funcional/;Todos los niveles; 200.000 ;19; 3.392 
desarrollador web;830834;Desarrollo web jQuery de aprendizaje rápido;https://www.udemia.cl/aprendizaje-rápido-jquery-desarrollo-web/;Nivel principiante; 150.000 ;39; 3.388 
desarrollador web;634754;HTML simplificado para principiantes: cree un sitio web de una página;https://www.udemia.cl/html-made-simple-crea-tu-propia-página-web-paso-a-paso/;Nivel principiante; 65.000 ;16; 3.380 
desarrollador web;98066;¡Sitio web completo y CMS en PHP y MySQL desde cero!;https://www.udemia.cl/cms-admin-panel-in-php-mysql/;Nivel intermedio; 20.000 ;48; 3.357 
desarrollador web;1121650;Enrutamiento angular 2: en funcionamiento;https://www.udemia.cl/angular-2-routing-up-and-running/;Todos los niveles; - ;13; 3.357 
desarrollador web;1065250;En funcionamiento con jQuery;https://www.udemia.cl/up-and-running-with-jquery/;Nivel principiante; - ;19; 3.324 
desarrollador web;1075808;Curso acelerado de JSON para principiantes;https://www.udemia.cl/json-crash-course-para-principiantes-aprender-json-en-una-hora/;Nivel principiante; 45.000 ;7; 3.323 
desarrollador web;409618;Cree una aplicación web en tiempo real en node.js, Angular.js, mongoDB;https://www.udemia.cl/realtime-meanstack/;Nivel principiante; 20.000 ;34; 3.299 
desarrollador web;1014776;Aplicaciones web de pila completa con Meteor y React;https://www.udemia.cl/meteor-react/;Nivel principiante; 85.000 ;162; 3.295 
desarrollador web;584758;Bootstrap 3 para principiantes: crea una página de destino profesional;https://www.udemia.cl/bootstrap-beginners-landing-page/;Nivel principiante; 20.000 ;54; 3.271 
desarrollador web;803074;curso de introduccion a html;https://www.udemia.cl/introduction-to-html-course/;Nivel Experto; 20.000 ;16; 3.258 
desarrollador web;864482;Codificación simplificada: HTML y CSS para principiantes;https://www.udemia.cl/codificación-fácil-html-css-para-principiantes/;Nivel principiante; 40.000 ;16; 3.254 
desarrollador web;836044;Reaccionar desde cero;https://www.udemia.cl/reactjs-from-the-ground-up/;Nivel intermedio; 150.000 ;62; 3.252 
desarrollador web;615920;Desarrollo web en profundidad hecho fácil;https://www.udemia.cl/desarrollo-web-en-profundidad-desde-scratch/;Todos los niveles; 25.000 ;60; 3.249 
desarrollador web;1211366;ES6 / EcmaScript 6 para principiantes una introducción;https://www.udemia.cl/es6-ecmascript-6-para-principiantes/;Todos los niveles; - ;21; 3.227 
desarrollador web;916902;El curso completo de desarrollador web de comercio electrónico 5.0;https://www.udemia.cl/e-commerce-web-developer-course/;Todos los niveles; 195.000 ;96; 3.209 
desarrollador web;1274210;Aprende JSON para principiantes con JavaScript;https://www.udemia.cl/json-javascript-curso/;Nivel principiante; 200.000 ;23; 3.193 
desarrollador web;492818;Desarrollo profesional de temas de WordPress para 2017;https://www.udemia.cl/advanced-wordpress-theme-development-next-level-of-theming/;Nivel principiante; 20.000 ;94; 3.185 
desarrollador web;1000010;Desarrollador Ruby on Rails profesional con Rails 5;https://www.udemia.cl/pro-ruby-on-rails-rails5/;Todos los niveles; 200.000 ;174; 3.179 
desarrollador web;967058;Desarrollador de Ethereum: Cree una aplicación Blockchain descentralizada;https://www.udemia.cl/ethereum-desarrollador/;Nivel principiante; 195.000 ;38; 3.169 
desarrollador web;500628;Angular 2 desmitificado;https://www.udemia.cl/introduction-to-angular2/;Todos los niveles; 20.000 ;49; 3.150 
desarrollador web;909836;Últimas cadenas de JavaScript;https://www.udemia.cl/js-strings/;Nivel principiante; - ;20; 3.142 
desarrollador web;785388;Escalado de Docker en AWS;https://www.udemia.cl/escalamiento-docker-on-aws/;Todos los niveles; 25.000 ;63; 3.133 
desarrollador web;1002676;El desarrollo web de pila completa;https://www.udemia.cl/el-desarrollo-web-full-stack/;Todos los niveles; 60.000 ;207; 3.119 
desarrollador web;994362;Habilidades y herramientas críticas de desarrollo web para el estafador no tecnológico;https://www.udemia.cl/critical-web-dev-skills-tools-for-the-non-tech-hustler/;Todos los niveles; - ;33; 3.118 
desarrollador web;1147064;WordPress para principiantes | No se requiere codificación;https://www.udemia.cl/wordpress-for-beginners-no-coding-required/;Todos los niveles; 20.000 ;13; 3.106 
desarrollador web;1031626;Bootstrap 4 Diseño y Desarrollo Web Responsivo;https://www.udemia.cl/bootstrap-4-responsive-diseño-y-desarrollo-web/;Todos los niveles; 20.000 ;73; 3.086 
desarrollador web;1027276;¡Obtenga grandes ganancias con el desarrollo web, simple y fácil!;https://www.udemia.cl/obtenga-grandes-beneficios-construyendo-sitios-web-simples-y-fáciles/;Nivel intermedio; 90.000 ;13; 3.073 
desarrollador web;811452;Crear sitio web desde cero en urdu e hindi;https://www.udemia.cl/create-website-from-scratch-in-urdu-hindi/;Nivel principiante; - ;9; 3.033 
desarrollador web;14571;Aprenda HTML5 a su propio ritmo. Ideal para principiantes;https://www.udemia.cl/learning-html5/;Todos los niveles; 50.000 ;67; 3.026 
desarrollador web;494078;Guía experta: ¡Domina las funciones en JavaScript!;https://www.udemia.cl/funciones-en-javascript/;Todos los niveles; 195.000 ;19; 3.015 
desarrollador web;957422;Cómo crear un sitio web: un tutorial de HTML y un tutorial de CSS;https://www.udemia.cl/html-tutorial/;Todos los niveles; 65.000 ;330; 3.012 
desarrollador web;412952;AngularJS para desarrolladores de ASP.NET MVC;https://www.udemia.cl/angularjs-for-aspnet-mvc-developers/;Todos los niveles; 50.000 ;10; 3.011 
desarrollador web;747650;Aprenda HTML, CSS y Ruby on Rails: cree su primer blog;https://www.udemia.cl/learn-html-css-and-ruby-on-rails-build-your-first-blog/;Todos los niveles; 20.000 ;27; 2.985 
desarrollador web;452684;jQuery para principiantes: cree animaciones de sitios web fácilmente;https://www.udemia.cl/jquery-for-beginners-fundamentals-training-tutorial-course/;Nivel intermedio; 100.000 ;28; 2.971 
desarrollador web;1149334;Aprenda los conceptos básicos del desarrollo web: Tácticas de codificación;https://www.udemia.cl/aprende-los-conceptos-básicos-del-desarrollo-web-en-2-horas/;Nivel principiante; 40.000 ;30; 2.965 
desarrollador web;714678;Aprende Ajax y jquery con PHP;https://www.udemia.cl/aprender-ajax-y-jquery-con-php/;Todos los niveles; 20.000 ;9; 2.964 
desarrollador web;531290;Capacitación esencial en JavaScript, jQuery y AngularJS;https://www.udemia.cl/essential-javascript-jquery-angularjs-training/;Todos los niveles; 30.000 ;70; 2.919 
desarrollador web;782192;Introducción a los conceptos básicos de dibujo de HTML5 Canvas;https://www.udemia.cl/introduction-to-html5-canvas-basics-of-drawing/;Nivel principiante; 200.000 ;17; 2.918 
desarrollador web;419318;Clase magistral de AngularJS - Inmersión profunda y comprensión de AngularJS;https://www.udemia.cl/angularjs-masterclass/;Todos los niveles; 100.000 ;85; 2.912 
desarrollador web;473338;seguridad wordpress;https://www.udemia.cl/fácil-wordpress-seguridad/;Todos los niveles; 95.000 ;24; 2.888 
desarrollador web;636418;Aprenda Ruby on Rails para principiantes absolutos;https://www.udemia.cl/learn-ruby-on-rails-for-absolute-beginners/;Nivel principiante; 195.000 ;36; 2.875 
desarrollador web;1090788;Primera aplicación web con Spring Boot;https://www.udemia.cl/spring-boot-first-web-application/;Nivel principiante; 40.000 ;32; 2.865 
desarrollador web;954948;Cree sitios web receptivos en una hora con Portalfin;https://www.udemia.cl/build-website/;Todos los niveles; - ;17; 2.859 
desarrollador web;1199780;Alojamiento de su sitio web estático en el servicio Amazon AWS S3;https://www.udemia.cl/hosting-a-static-website-on-amazon-aws-s3-service/;Todos los niveles; 20.000 ;16; 2.853 
desarrollador web;106156;Cree, actualice y administre su propio sitio web con Drupal 7;https://www.udemia.cl/conociendo-drupal/;Todos los niveles; 120.000 ;49; 2.837 
desarrollador web;348920;Cree su propia escuela en línea exitosa para vender cursos;https://www.udemia.cl/create-an-online-school-website-with-joomla/;Todos los niveles; 95.000 ;39; 2.814 
desarrollador web;844458;Cómo construir bots de chat: de principiante a intermedio;https://www.udemia.cl/how-to-build-chats-bots-from-beginner-to-expert/;Nivel intermedio; 140.000 ;35; 2.814 
desarrollador web;1052118;Diseccionando Ruby on Rails 5 - Conviértase en un desarrollador profesional;https://www.udemia.cl/professional-rails-5-development-course/;Todos los niveles; 195.000 ;212; 2.804 
desarrollador web;267286;Conceptos Básicos de Desarrollo Web, HTTP y Java Servlets;https://www.udemia.cl/web-application-and-java-servlet-conceptos/;Nivel principiante; 35.000 ;10; 2.797 
desarrollador web;661802;Patrones de diseño de JavaScript: 20 patrones para código experto;https://www.udemia.cl/javascript-design-patterns-20-patterns-for-expert-code/;Nivel principiante; 95.000 ;26; 2.789 
desarrollador web;1027016;Codeigniter completo: de principiante a avanzado;https://www.udemia.cl/complete-codeigniter-course-from-basic-to-advanced/;Nivel intermedio; 200.000 ;20; 2.786 
desarrollador web;565000;Aprende MeteorJS construyendo 10 proyectos del mundo real;https://www.udemia.cl/learn-meteorjs-by-building-10-real-world-projects/;Nivel intermedio; 50.000 ;79; 2.784 
desarrollador web;1052304;JavaScript para principiantes: aprenda JavaScript desde cero;https://www.udemia.cl/curso-de-javascript-para-principiantes/;Nivel intermedio; 195.000 ;77; 11.285 
desarrollador web;736940;Desarrollo práctico de sitios web CSS: Curso acelerado;https://www.udemia.cl/css-website-development-crash-course/;Nivel principiante; 95.000 ;19; 11.170 
desarrollador web;241590;Cree un sitio web profesional - Garantía de 30 días. ¡Rebajado!;https://www.udemia.cl/make-your-own-business-website-beginner-and-intermediate/;Nivel principiante; 20.000 ;13; 11.167 
desarrollador web;142666;SEO mejorado con Rich Snippets y MicroData;https://www.udemia.cl/seo-mejorado-con-fragmentos-enriquecidos-y-microdatos/;Nivel principiante; - ;13; 11.026 
desarrollador web;284076;Automatice el desarrollo web con Gulp JS;https://www.udemia.cl/learn-gulp/;Todos los niveles; 20.000 ;29; 2.784 
desarrollador web;1034636;Creación de un sistema de autenticación de usuario en CodeIgniter;https://www.udemia.cl/codeigniter-user-authentication-system/;Nivel principiante; 200.000 ;21; 2.783 
desarrollador web;1089744;Cómo hacer un sitio web de Wordpress 2017 - Tutorial del tema Divi;https://www.udemia.cl/how-to-make-a-wordpress-website-2017-divi-theme-tutorial-for-beginners/;Todos los niveles; 40.000 ;29; 2.780 
desarrollador web;542254;Curso de Programación Web: Asp.Net MVC;https://www.udemia.cl/mvc-course/;Todos los niveles; 100.000 ;26; 2.760 
desarrollador web;1103954;Node.js: The Essentials + API Frameworks Express KOA Sails;https://www.udemia.cl/nodejs-up-and-running/;Todos los niveles; 20.000 ;34; 2.760 
desarrollador web;753940;Conviértase en un experto en Bootstrap: ¡construya 20 diseños!;https://www.udemia.cl/become-a-bootstrap-expert-build-20-layouts/;Nivel principiante; 35.000 ;179; 2.755 
desarrollador web;577796;Javascript simple: aprende haciendo, ¡principiantes bienvenidos!;https://www.udemia.cl/simple-javascript-aprender-haciendo/;Nivel principiante; 25.000 ;18; 2.753 
desarrollador web;690788;Aprenda programación PHP para principiantes absolutos - Lite;https://www.udemia.cl/learn-php-programming-for-absolute-beginners-lite/;Nivel intermedio; 20.000 ;7; 2.749 
desarrollador web;745468;Creación de una tienda de comercio electrónico utilizando Java Spring Framework;https://www.udemia.cl/construyendo-una-tienda-de-comercio-electrónico-utilizando-java-spring-framework/;Todos los niveles; 95.000 ;61; 2.743 
desarrollador web;37684;Aprenda a programar JavaScript (en diez sencillos pasos);https://www.udemia.cl/aprende-a-programar-javascript-en-diez-pasos-sencillos/;Nivel intermedio; 75.000 ;44; 2.721 
desarrollador web;531360;BDD con Ruby on Rails usando RSpec 3 y Capybara;https://www.udemia.cl/rubyonrails-bdd-rspec-capybara/;Nivel principiante; 175.000 ;103; 2.706 
desarrollador web;56513;Redes Sociales Desarrollo Web;https://www.udemia.cl/how-to-create-a-social-network-site-from-scratch/;Todos los niveles; 200.000 ;57; 2.698 
desarrollador web;50587;HTML y CSS desde cero en 30 días;https://www.udemia.cl/html5-css3-responsive/;Todos los niveles; 75.000 ;82; 2.697 
desarrollador web;1042110;Desarrollo web de pila completa para principiantes: HTML, CSS, React y Node;https://www.udemia.cl/ultimate-web/;Nivel principiante; 200.000 ;138; 2.687 
desarrollador web;1094964;Cree su propia API REST de back-end utilizando Django REST Framework;https://www.udemia.cl/django-python/;Nivel principiante; 50.000 ;72; 2.669 
desarrollador web;876544;Práctica de ASP.NET Web API 2;https://www.udemia.cl/aspnet-web-api-2-hands-on/;Nivel principiante; 20.000 ;16; 2.660 
desarrollador web;650328;JavaScript Complete para principiantes con aplicaciones del mundo real;https://www.udemia.cl/javascript-complete-and-comprehensive/;Todos los niveles; 120.000 ;40; 2.652 
desarrollador web;570848;Desarrollo de complementos de WordPress -> ¡Descubrimiento profundo!;https://www.udemia.cl/wordpress-plugin/;Nivel principiante; 40.000 ;39; 2.650 
desarrollador web;459922;El curso completo de desarrollador web: crea 20 sitios web;https://www.udemia.cl/the-complete-web-developer-course-build-20-websites/;Todos los niveles; 20.000 ;304; 2.650 
desarrollador web;1207382;Optimización de Wordpress para más velocidad e ingresos;https://www.udemia.cl/optimizing-wordpress-for-more-speed-and-revenue/;Todos los niveles; - ;7; 2.649 
desarrollador web;767656;Bootstrap Essential Training - Crea tu propio sitio web;https://www.udemia.cl/ultimate-bootstrap-basics-course-with-2-projects/;Todos los niveles; 20.000 ;83; 2.643 
desarrollador web;637974;Domine ExpressJS para crear aplicaciones web con NodeJS y JavaScript;https://www.udemia.cl/expressjs/;Todos los niveles; 50.000 ;24; 2.643 
desarrollador web;1099956;Clase magistral de desarrollo de temas de Bootstrap 4;https://www.udemia.cl/bootstrap-theme-development-masterclass/;Nivel intermedio; 150.000 ;15; 2.641 
desarrollador web;977474;Curso Ultimate CSS3: de principiantes a profesionales;https://www.udemia.cl/ultimate-css3-course/;Todos los niveles; 95.000 ;30; 2.635 
desarrollador web;472526;PHP para principiantes;https://www.udemia.cl/learn-php-via-examples-and-mini-tasks/;Nivel principiante; 40.000 ;135; 2.626 
desarrollador web;678142;Sistema de inicio de sesión y registro de PHP: confirmación de activación por correo electrónico;https://www.udemia.cl/php-mysql-login-and-registration-system-with-email-confirm-activation/;Nivel principiante; 100.000 ;49; 2.607 
desarrollador web;1200530;Electron para aplicaciones de escritorio: la guía completa para desarrolladores;https://www.udemia.cl/electron-react-tutorial/;Todos los niveles; 50.000 ;77; 2.606 
desarrollador web;549064;Herramientas de desarrollo web que usan los profesionales: Hacks de productividad de código;https://www.udemia.cl/herramientas-de-desarrollo-web/;Todos los niveles; 30.000 ;39; 2.596 
desarrollador web;1078208;Tutorial de Spring Boot para principiantes;https://www.udemia.cl/spring-boot-tutorial-for-beginners/;Nivel principiante; 40.000 ;39; 2.578 
desarrollador web;889438;ChatBots: Messenger ChatBot con API.AI y Node.JS;https://www.udemia.cl/chatbots/;Todos los niveles; 50.000 ;64; 2.577 
desarrollador web;537282;Hosting Django: Fundamentos de Amazon Web Services (AWS);https://www.udemia.cl/django-tutorial-amazon-web-services/;Nivel intermedio; 45.000 ;46; 2.573 
desarrollador web;1259422;Aprenda JavaScript desde cero: conviértase en el desarrollador web mejor calificado;https://www.udemia.cl/learnjsandbecometopratedwebdeveloper/;Todos los niveles; 65.000 ;87; 2.570 
desarrollador web;212398;Desarrollo avanzado de Node.js;https://www.udemia.cl/refactoru-adv-nodejs/;Todos los niveles; 55.000 ;41; 2.565 
desarrollador web;760306;Aprenda proyectos interactivos dinámicos de JavaScript para principiantes;https://www.udemia.cl/learn-javascript-dynamic-interactive-projects-for-beginners/;Nivel principiante; 100.000 ;36; 2.558 
desarrollador web;993148;Aprende jQuery AJAX en 1 hora;https://www.udemia.cl/jquery-ajax-course/;Todos los niveles; 195.000 ;18; 2.547 
desarrollador web;802268;Introducción a Git;https://www.udemia.cl/intro-to-git/;Todos los niveles; 20.000 ;30; 2.532 
desarrollador web;255878;Aprenda a crear sitios web receptivos avanzados con Bootstrap;https://www.udemia.cl/sitio-web-responsivo-con-bootstrap/;Todos los niveles; 20.000 ;30; 2.528 
desarrollador web;372518;Ruby on Rails para desarrollo web;https://www.udemia.cl/ruby-on-rails-for-web-development/;Nivel intermedio; 195.000 ;24; 2.526 
desarrollador web;69414;Creación de un correo electrónico HTML receptivo;https://www.udemia.cl/creating-responsive-html-email/;Todos los niveles; 20.000 ;34; 2.520 
desarrollador web;1124280;Tutorial de PHP: aprenda la programación básica de PHP para principiantes;https://www.udemia.cl/php-tutorial-beginners/;Todos los niveles; 20.000 ;23; 2.510 
desarrollador web;186096;Core: una guía de referencia de aplicaciones web para Django, Python y más;https://www.udemia.cl/codificación-para-emprendedores-core/;Nivel intermedio; 195.000 ;154; 2.497 
desarrollador web;572268;AngularJS para desarrolladores .Net desde cero;https://www.udemia.cl/angularjs-for-dotnet-developers-from-scratch/;Todos los niveles; 50.000 ;40; 2.494 
desarrollador web;380092;HTML y CSS para principiantes: crea 3 proyectos desde cero;https://www.udemia.cl/learn-html-css-by-building-3-real-projects/;Nivel intermedio; 40.000 ;31; 2.472 
desarrollador web;654832;Formularios HTML para principiantes: una introducción básica;https://www.udemia.cl/html-forms-for-beginners-a-basic-introduction/;Nivel intermedio; 45.000 ;8; 2.472 
desarrollador web;617886;Aprenda a programar Rails en menos de 2 horas;https://www.udemia.cl/learn-rails-programming-in-less-than-2-hours/;Todos los niveles; 35.000 ;19; 2.470 
desarrollador web;1134456;Crea una galería de fotos simple con Dropzonejs, Slick y PHP;https://www.udemia.cl/create-a-simple-photo-gallery-with-dropzonejs-slick-and-php/;Todos los niveles; - ;9; 2.464 
desarrollador web;18448;Aprendiendo CSS3: un tutorial completo para desarrolladores web;https://www.udemia.cl/learning-css3/;Todos los niveles; 50.000 ;101; 2.459 
desarrollador web;856968;Cómo hacer un sitio web de Wordpress 2017;https://www.udemia.cl/how-to-wordpress/;Nivel principiante; - ;10; 2.437 
desarrollador web;977470;El curso completo de HMTL5: ¡pasa de principiante a avanzado!;https://www.udemia.cl/curso-completo-hmtl5/;Todos los niveles; 95.000 ;36; 2.430 
desarrollador web;679158;Crea tu propio blog hermoso en WordPress + SEO;https://www.udemia.cl/aprende-a-crear-un-blog-de-palabras-maravillosas-de-comienzo-a-terminar/;Nivel principiante; 200.000 ;28; 2.421 
desarrollador web;945320;Javascript nivel intermedio 2 - Funciones de dominio;https://www.udemia.cl/javascript-intermediate-mastering-functions/;Todos los niveles; 100.000 ;28; 2.412 
desarrollador web;436210;El iniciador Pro Ruby on Rails;https://www.udemia.cl/pro-rubyonrails-starter/;Todos los niveles; 45.000 ;19; 2.409 
desarrollador web;313484;Laravel 4 prueba y disfruta de la codificación php;https://www.udemia.cl/laravel-4-try-and-enjoy-php-coding/;Nivel principiante; 20.000 ;23; 2.402 
desarrollador web;1110756;Tutoriales HTML: código HTML para la creación de sitios web;https://www.udemia.cl/html-code-for-website/;Nivel principiante; 20.000 ;27; 2.401 
desarrollador web;1019276;La guía definitiva para principiantes de Django;https://www.udemia.cl/the-ultimate-beginners-guide-to-django-python-web-dev-website/;Todos los niveles; 200.000 ;82; 2.390 
desarrollador web;628876;Desarrollo web práctico: cree sitios web de forma rápida y sencilla;https://www.udemia.cl/hacer-hermosos-sitios-web-en-unas-pocas-horas/;Todos los niveles; 20.000 ;20; 2.389 
desarrollador web;56585;Twitter Bootstrap 2 para principiantes;https://www.udemia.cl/twitter-bootstrap/;Nivel principiante; 20.000 ;12; 2.388 
desarrollador web;547298;WordPress LMS: sitio web de aprendizaje electrónico simplificado;https://www.udemia.cl/wordpress-learning-management-system-create-a-learning-site/;Todos los niveles; 20.000 ;16; 2.382 
desarrollador web;944886;WordPress se ve y se siente con temas;https://www.udemia.cl/learn-wordpress-customize-look-and-feel-with-themes/;Nivel principiante; 25.000 ;12; 2.371 
desarrollador web;1034520;Dominación de WordPress #2: Clientes potenciales y escasez;https://www.udemia.cl/wordpress-domination-2-leads-and-scarcity/;Todos los niveles; 95.000 ;13; 2.362 
desarrollador web;761770;Aprende HTML5 Canvas para principiantes;https://www.udemia.cl/learn-html5-canvas-for-beginners/;Nivel intermedio; 100.000 ;49; 2.360 
desarrollador web;30261;Codificación para niños: introducción a HTML, CSS y JavaScript;https://www.udemia.cl/kids-coding-introduction-to-html-css-and-javascript/;Todos los niveles; 200.000 ;215; 2.355 
desarrollador web;926206;HTML5 y CSS3: Landing Pages para Emprendedores 2016;https://www.udemia.cl/landing-pages-for-emprendedores/;Todos los niveles; 195.000 ;45; 2.354 
desarrollador web;399228;¡Aprende a codificar, conviértete en desarrollador web y domina JavaScript!;https://www.udemia.cl/maestro-javascript-hoy/;Todos los niveles; 200.000 ;91; 2.353 
desarrollador web;398456;Bootstrap 3 Introducción: Cree sitios web RESPONSIVOS rápidamente;https://www.udemia.cl/bootstrap-3-introduction-make-responsive-websites-fast/;Todos los niveles; 50.000 ;16; 2.351 
desarrollador web;977516;Wordpress para personas no técnicas;https://www.udemia.cl/wordpress-for-non-technical-people/;Todos los niveles; 150.000 ;65; 2.346 
desarrollador web;1045862;Cree un sitio web llamativo de WordPress desde cero;https://www.udemia.cl/crea un sitio web llamativo con wordpress desde cero/;Todos los niveles; 30.000 ;19; 2.342 
desarrollador web;549094;Instale un tema de Wordpress de la manera correcta y cobre a otros;https://www.udemia.cl/how-to-install-a-wordpress-theme-the-right-way/;Nivel intermedio; 20.000 ;18; 2.335 
desarrollador web;281690;Una introducción muy completa a Laravel;https://www.udemia.cl/laravel-4-beginners/;Todos los niveles; 20.000 ;43; 2.320 
desarrollador web;739770;PHP MySQL: Aprende PHP MySQL con Project;https://www.udemia.cl/php-mysql-proyecto-aprendizaje/;Nivel principiante; 20.000 ;25; 2.314 
desarrollador web;361620;Tutorial de Wordpress;https://www.udemia.cl/diseño-responsivo/;Todos los niveles; 200.000 ;44; 2.311 
desarrollador web;407796;Redirija a sus visitantes por país fácilmente -Tutorial de WordPress;https://www.udemia.cl/redirect-your-visitors-by-country-easily-wordpress-tutorial/;Todos los niveles; 20.000 ;24; 2.306 
desarrollador web;545524;Cree sitios web y aplicaciones mediante la subcontratación;https://www.udemia.cl/outsourcing-desarrollo-trabajo/;Nivel principiante; 20.000 ;22; 2.299 
desarrollador web;859422;Bootstrap 4.0 Nuevas características: Cree un sitio web receptivo;https://www.udemia.cl/bootstrap4-new-features/;Todos los niveles; 40.000 ;14; 2.296 
desarrollador web;450068;Cree un blog de fotos con Ruby on Rails;https://www.udemia.cl/build-a-photo-blog-with-ruby-on-rails/;Todos los niveles; 20.000 ;21; 2.281 
desarrollador web;1208638;React JS, Angular y Vue JS - Inicio rápido y comparación;https://www.udemia.cl/angular-reactjs-vuejs-comparación de inicio rápido/;Nivel principiante; 160.000 ;142; 2.273 
desarrollador web;857162;Aprenda a crear temas de WordPress construyendo 10 proyectos;https://www.udemia.cl/learn-to-create-wordpress-themes-by-building-10-projects/;Todos los niveles; 60.000 ;91; 2.273 
desarrollador web;339086;Seguridad de WordPress: la guía de seguridad definitiva;https://www.udemia.cl/wordpress-the-ultimate-security-guide/;Todos los niveles; 60.000 ;29; 2.267 
desarrollador web;856526;El curso Build a SAAS App with Flask;https://www.udemia.cl/the-build-a-saas-app-with-flask-course/;Nivel intermedio; 40.000 ;168; 2.244 
desarrollador web;834600;La guía para desarrolladores web: Aprenda los fundamentos de HTML y CSS;https://www.udemia.cl/become-a-professional-html-and-css-web-developer/;Todos los niveles; 20.000 ;97; 2.243 
desarrollador web;654422;Crear un formulario de contacto de PHP en Bootstrap;https://www.udemia.cl/bootstrap-php-contact-form/;Todos los niveles; 20.000 ;12; 2.238 
desarrollador web;875194;Cree increíbles chatbots;https://www.udemia.cl/build-incredible-chatbots/;Todos los niveles; 100.000 ;115; 2.234 
desarrollador web;738360;Mejor camino hacia CSS usando Less y Sass;https://www.udemia.cl/una-mejor-manera-hacia-css-usando-menos-y-sass/;Todos los niveles; 20.000 ;26; 2.227 
desarrollador web;1172166;WordPress para principiantes 2017 + Implementación de Google AdSense;https://www.udemia.cl/wordpress-tutorial-for-beginners-and-google-adsense-implementation/;Todos los niveles; 195.000 ;64; 2.225 
desarrollador web;791414;Programación JavaScript: JavaScript para principiantes;https://www.udemia.cl/aprender-javascript-online/;Todos los niveles; 55.000 ;74; 2.215 
desarrollador web;1122224;Cómo hacer una página web sin código;https://www.udemia.cl/como-hacer-una-pagina-web-sin-codigo/;Todos los niveles; - ;23; 2.214 
desarrollador web;1062686;Diseño completo de sitios web RESPONSIVOS con HTML5 y CSS3;https://www.udemia.cl/website_design/;Todos los niveles; 20.000 ;97; 2.204 
desarrollador web;737758;Prezi avanzado: crea presentaciones increíbles;https://www.udemia.cl/prezi-advanced/;Todos los niveles; 30.000 ;12; 2.200 
desarrollador web;744618;¡Crea un sitio web similar a Facebook desde cero!;https://www.udemia.cl/clone-facebook/;Nivel principiante; 25.000 ;12; 2.197 
desarrollador web;782194;Canvas image Creator HTML5 Proyecto JavaScript desde Scratch;https://www.udemia.cl/canvas-image-maker-html5-javascript-project-from-scratch/;Todos los niveles; 100.000 ;35; 2.195 
desarrollador web;380582;Aprenda OAuth 2.0: comience como un experto en seguridad de API;https://www.udemia.cl/learn-oauth-2/;Todos los niveles; 95.000 ;45; 2.185 
desarrollador web;1148342;Paso a paso Construya su plantilla con Bootstrap 4 desde cero;https://www.udemia.cl/bootstrap-v4/;Nivel intermedio; 80.000 ;24; 2.184 
desarrollador web;780058;Cree sitios web modernos súper rápido;https://www.udemia.cl/construir-sitios-web-modernos-en-1-hora/;Todos los niveles; 25.000 ;19; 2.178 
desarrollador web;510784;WordPress 2016 para principiantes: ¡construya sitios web increíbles!;https://www.udemia.cl/crea-tu-propio-sitio-web-de-wordpress-en-menos-de-90-minutos/;Todos los niveles; 20.000 ;43; 2.177 
desarrollador web;713098;Cree un clon de Amazon: Nodejs + MongoDB + Stripe Payment;https://www.udemia.cl/build-an-amazon-clone-nodejs-stripe-elasticsearch/;Todos los niveles; 20.000 ;70; 2.164 
desarrollador web;783748;Byte-Sized-Chunks: hojas de estilo en cascada (CSS) con HTML;https://www.udemia.cl/css-con-html/;Nivel principiante; 20.000 ;28; 2.160 
desarrollador web;388286;CoffeeScript: las partes buenas: escribir mejor javaScript;https://www.udemia.cl/coffeescript/;Nivel principiante; 50.000 ;15; 2.152 
desarrollador web;1241254;Aplicaciones y API sin servidor de AWS: una introducción completa;https://www.udemia.cl/aws-serverless-a-complete-introduction/;Nivel principiante; 145.000 ;136; 2.145 
desarrollador web;715516;Desarrollo Web Moderno con Laravel 5.2 (Framework PHP);https://www.udemia.cl/desarrollo-web-moderno-con-laravel/;Todos los niveles; 120.000 ;71; 2.142 
desarrollador web;443746;El curso maestro de optimización de velocidad de WordPress de WpFASTER;https://www.udemia.cl/make-your-wordpress-sites-fastest-in-world/;Nivel intermedio; 175.000 ;55; 2.134 
desarrollador web;1079370;Texto sublime para un desarrollo web rápido;https://www.udemia.cl/sublime-text-for-rapid-web-development/;Nivel principiante; 20.000 ;14; 2.104 
desarrollador web;771198;Reactive JS: ¿Estás listo para el próximo gran cambio de paradigma?;https://www.udemia.cl/reactive-js-getting-ready-for-the-next-big-paradigm-shift/;Nivel principiante; 60.000 ;28; 2.097 
desarrollador web;1050632;Desarrollo web completo con HTML, CSS y Javascript;https://www.udemia.cl/desarrollo-web-completo-con-html-css-y-javascript/;Todos los niveles; - ;10; 2.097 
desarrollador web;704582;Jekyll: cree sitios y blogs estáticos rápidos y seguros con Jekyll;https://www.udemia.cl/static-website-generator-fast-secure-sites-blogs-with-jekyll/;Nivel intermedio; 45.000 ;29; 2.091 
desarrollador web;1021834;JavaScript para principiantes en 1 hora;https://www.udemia.cl/aprende-javascript-en-1-hora-y-crea-un-juego-en-javascript/;Todos los niveles; 95.000 ;22; 2.086 
desarrollador web;617158;Pruebas unitarias de AngularJS: ¡Cree aplicaciones libres de errores que siempre funcionan!;https://www.udemia.cl/unit-testing-angularjs/;Todos los niveles; 25.000 ;23; 2.083 
desarrollador web;800148;Conviértase en un desarrollador web de Rockstar: aprenda programando;https://www.udemia.cl/become-rockstar-php-developer/;Nivel intermedio; 200.000 ;56; 2.076 
desarrollador web;1121580;Blog de WordPress: Cree un sitio web de WordPress para principiantes;https://www.udemia.cl/wordpress-sitio-web-para-principiantes/;Nivel principiante; 20.000 ;20; 2.076 
desarrollador web;1124244;Tutorial de JavaScript: aprender código JavaScript para principiantes;https://www.udemia.cl/tutorial-de-javascript-para-principiantes/;Todos los niveles; 20.000 ;22; 2.074 
desarrollador web;228934;¡PSD a HTML5/CSS3 usando Twitter Bootstrap 3!;https://www.udemia.cl/psd-to-html5css3-using-twitter-bootstrap-3/;Nivel principiante; 95.000 ;16; 2.073 
desarrollador web;624578;JavaScript para principiantes;https://www.udemia.cl/java-script-quick-beginner-introduction/;Todos los niveles; 75.000 ;14; 2.071 
desarrollador web;1145206;Desarrolle complementos competitivos para WordPress y WooCommerce;https://www.udemia.cl/develop-competitive-plugins-for-wordpress-and-woocommerce/;Nivel intermedio; 150.000 ;12; 2.063 
desarrollador web;954036;JSON: conceptos básicos para principiantes;https://www.udemia.cl/learn-json/;Nivel principiante; 45.000 ;8; 2.052 
desarrollador web;45941;El curso acelerado de CSS y CSS3;https://www.udemia.cl/the-css-and-css3-crash-course/;Nivel principiante; 150.000 ;76; 2.051 
desarrollador web;709180;Integración de Twitter personalizar Tweets con API de desarrollador;https://www.udemia.cl/twitter-integration-customize-tweets-with-developer-api/;Todos los niveles; 115.000 ;19; 2.039 
desarrollador web;823236;Guía Práctica de Desarrollo Web;https://www.udemia.cl/designers-guide-to-web-development/;Todos los niveles; 20.000 ;38; 2.025 
desarrollador web;578900;Aprenda Wordpress 4 desde cero: cree sitios web increíbles;https://www.udemia.cl/aprender-wordpress-desde-cero-y-crear-sitios-web/;Todos los niveles; 75.000 ;25; 2.023 
desarrollador web;854756;Aprende Drupal 8 - Con un proyecto en vivo;https://www.udemia.cl/learn-drupal-8-with-a-live-project/;Nivel principiante; 55.000 ;59; 2.012 
desarrollador web;758208;HTML 5 y CSS 3: trucos y soluciones;https://www.udemia.cl/html5-css3-trucos-y-soluciones/;Todos los niveles; 80.000 ;113; 2.007 
desarrollador web;447136;Dominar las herramientas para desarrolladores de Google Chrome;https://www.udemia.cl/mastering-chrome-developer-tools/;Nivel intermedio; 20.000 ;31; 2.002 
desarrollador web;997964;Cree un banco en línea con Java, Angular 2, Spring y más;https://www.udemia.cl/construya-un-banco-en-linea-con-java-angular-2-spring-and-more/;Nivel intermedio; 195.000 ;45; 1.995 
desarrollador web;647564;React: aprenda los fundamentos de ReactJS para desarrolladores front-end;https://www.udemia.cl/react-fundamentals-frontend-desarrolladores/;Nivel principiante; 55.000 ;26; 1.993 
desarrollador web;405840;Expresiones regulares para principiantes - Universal;https://www.udemia.cl/expresiones-regulares-para-principiantes-universal/;Todos los niveles; 100.000 ;36; 1.975 
desarrollador web;1004134;Bootcamp de Angular 2 + Rails 5;https://www.udemia.cl/angular-on-rails-course/;Todos los niveles; 150.000 ;60; 1.967 
desarrollador web;965870;Angular y Firebase: cree una aplicación web con TypeScript;https://www.udemia.cl/angular-firebase-application/;Todos los niveles; 150.000 ;65; 1.966 
desarrollador web;955194;Codificación simplificada: una guía para principiantes de JavaScript;https://www.udemia.cl/codificación-hecha-fácil-a-beginners-guide-to-javascript/;Todos los niveles; 40.000 ;16; 1.950 
desarrollador web;606756;Proyectos en ExpressJS - Aprenda ExpressJs construyendo 10 proyectos;https://www.udemia.cl/proyectos-en-expressjs-learn-expressjs-building-10-projects/;Todos los niveles; 50.000 ;102; 1.949 
desarrollador web;590406;Aprenda ReactJS: Codifique como un desarrollador de Facebook;https://www.udemia.cl/learn-react-js/;Todos los niveles; 20.000 ;45; 1.948 
desarrollador web;688872;XML para principiantes absolutos: aprenda a crear sus propias etiquetas;https://www.udemia.cl/xml-for-absolute-beginners-learn-to-create-your-own-tags/;Todos los niveles; 75.000 ;10; 1.945 
desarrollador web;1079078;Construcción de sitios Drupal 8;https://www.udemia.cl/drupal-8-site-building/;Nivel principiante; - ;48; 1.942 
desarrollador web;177912;Todo lo que necesita saber sobre AngularJS - Capacitación en AngularJS;https://www.udemia.cl/angularjs/;Nivel principiante; 50.000 ;53; 1.936 
desarrollador web;1198704;Cómo convertirse en desarrollador de aplicaciones;https://www.udemia.cl/how-to-become-an-app-developer/;Nivel intermedio; 200.000 ;10; 1.935 
desarrollador web;563020;Aprenda a crear 20 sitios web y 14 aplicaciones iOS9 con Swift;https://www.udemia.cl/learn-to-build-20-websites-and-build-14-ios9-apps-with-swift/;Todos los niveles; 40.000 ;458; 1.926 
desarrollador web;1134330;Domina las expresiones regulares desde cero - Todos los idiomas;https://www.udemia.cl/master-regular-expressions-from-scratch/;Nivel principiante; 70.000 ;38; 1.925 
desarrollador web;1051672;¡Aprende PHP desde cero!;https://www.udemia.cl/learn-php-from-scratch-by-niveditajain/;Todos los niveles; 25.000 ;17; 1.908 
desarrollador web;406820;API RESTful con Laravel;https://www.udemia.cl/laravel-5-php-framework-agile-and-practical-php-restful-api/;Todos los niveles; 45.000 ;57; 1.905 
desarrollador web;442504;Cree un sitio web HTML5 y CSS3 en 35 minutos;https://www.udemia.cl/construir-un-sitio-web-html5-y-css3-en-35-minutos/;Nivel principiante; 20.000 ;17; 1.904 
desarrollador web;941998;Master Electron: Aplicaciones de escritorio usando HTML, JavaScript y CSS;https://www.udemia.cl/master-electron/;Nivel intermedio; 165.000 ;47; 1.902 
desarrollador web;1011550;Cree formularios de registro e inicio de sesión con Bootstrap Modal;https://www.udemia.cl/build-sign-up-and-login-forms-with-bootstrap-modal/;Nivel intermedio; 20.000 ;31; 1.898 
desarrollador web;911712;Migración del sitio de Wordpress;https://www.udemia.cl/wordpress-site-migration-tutorial/;Nivel principiante; 20.000 ;35; 1.894 
desarrollador web;861528;Seguridad PHP;https://www.udemia.cl/php-security/;Todos los niveles; 50.000 ;24; 1.892 
desarrollador web;745120;CSSCasts;;; - ;;
desarrollador web;859936;Academia de WordPress: Aprende WordPress paso a paso;https://www.udemia.cl/wordpress-academy-course/;Nivel intermedio; 150.000 ;79; 1.873 
desarrollador web;807874;JavaScript moderno: creación de aplicaciones del mundo real y en tiempo real;https://www.udemia.cl/real-world-real-time-modern-javascript/;Todos los niveles; 50.000 ;60; 1.871 
desarrollador web;937586;Ruby on Rails 5 - BDD, RSpec y Carpincho;https://www.udemia.cl/ruby-rails-5-bdd-rspec-capybara/;Nivel principiante; 200.000 ;145; 1.870 
desarrollador web;130694;Fundamentos de alojamiento web;https://www.udemia.cl/fundamentos-del-alojamiento-web/;Todos los niveles; 20.000 ;8; 1.867 
desarrollador web;997916;Desarrollo de Amazon Alexa: de principiante a intermedio;https://www.udemia.cl/amazon-alexa-development-from-beginner-to-intermediate/;Todos los niveles; 140.000 ;52; 1.858 
desarrollador web;524248;Cómo crear una red social para una comunidad relacionada con un nicho;https://www.udemia.cl/como-crear-una-red-social/;Nivel principiante; 100.000 ;39; 1.853 
desarrollador web;904076;Aprenda Rails: Codifique, diseñe y lance rápidamente 4 aplicaciones web;https://www.udemia.cl/learn-rails/;Todos los niveles; 200.000 ;83; 1.849 
desarrollador web;343816;Aprende SASS y mejora tu CSS;https://www.udemia.cl/write-clean-css-using-sass/;Todos los niveles; 55.000 ;24; 1.849 
desarrollador web;882128;El campo de entrenamiento completo de JavaScript;https://www.udemia.cl/the-complete-javascript-bootcamp/;Todos los niveles; 195.000 ;47; 1.839 
desarrollador web;945336;Javascript Intermedio nivel 1 - Dominar el DOM;https://www.udemia.cl/javascript-intermediate-mastering-the-dom/;Todos los niveles; 100.000 ;31; 1.838 
desarrollador web;261148;crear un motor de búsqueda para su sitio web!;https://www.udemia.cl/create-a-simple-php-mysql-search-engine/;Todos los niveles; 20.000 ;12; 1.832 
desarrollador web;1128050;Desarrollo de API de servidor en Swift, Kitura y Bluemix;https://www.udemia.cl/swift-kitura/;Nivel principiante; 200.000 ;66; 1.827 
desarrollador web;1013314;PHP para principiantes: ¡Aprende PHP desde cero!;https://www.udemia.cl/php-fundamentals-course/;Todos los niveles; 100.000 ;58; 1.825 
desarrollador web;1172740;Aprende a usar componentes Javascript con PHP y Symfony;https://www.udemia.cl/aprende-a-usar-componentes-de-javascript-con-php-y-symfony/;Todos los niveles; 90.000 ;25; 1.822 
desarrollador web;530092;Dominar CSS;https://www.udemia.cl/mastering-css/;Nivel principiante; 95.000 ;42; 1.815 
desarrollador web;833182;Concepto de JQuery DOM y Ajax explicado para principiantes;https://www.udemia.cl/jquery-dom-and-ajax-concept-explained-for-beginners/;Todos los niveles; 35.000 ;7; 1.812 
desarrollador web;446736;Dominio de Amazon s3: las guías prácticas para Amazon S3;https://www.udemia.cl/amazon-s3-mastery/;Nivel intermedio; 95.000 ;36; 1.811 
desarrollador web;1256136;Desarrollo angular 4 decodificado;https://www.udemia.cl/marutiangular4/;Todos los niveles; 20.000 ;8; 1.802 
desarrollador web;1211960;Cómo construir un bot de chat de Facebook Messenger desde cero;https://www.udemia.cl/how-to-build-a-facebook-messenger-chat-bot-from-scratch/;Todos los niveles; 120.000 ;24; 1.798 
desarrollador web;400280;WordPress: una visión general;https://www.udemia.cl/que-es-wordpress/;Todos los niveles; 45.000 ;15; 1.783 
desarrollador web;413494;Primeros pasos con LESS - Curso intensivo para principiantes;https://www.udemia.cl/getting-started-with-less-beginner-crash-course/;Nivel intermedio; 25.000 ;21; 1.780 
desarrollador web;669346;Publicidad propia usando PowerPoint Twitter y Facebook en ios;https://www.udemia.cl/the-basic-roadmap-to-power-point-advertising-for-mac/;Nivel principiante; 20.000 ;6; 1.780 
desarrollador web;212394;Introducción al desarrollo de Node.js;https://www.udemia.cl/refactoru-intro-nodejs/;Todos los niveles; 55.000 ;16; 1.779 
desarrollador web;981600;Bootcamp de HTML y CSS para principiantes;https://www.udemia.cl/html-and-css-bootcamp-for-beginners/;Todos los niveles; 30.000 ;48; 1.777 
desarrollador web;651032;Wordpress: cree un sitio web excepcional en 2 horas;https://www.udemia.cl/wordpress-negocio-sitio-web/;Nivel principiante; 30.000 ;48; 1.772 
desarrollador web;710486;jQuery para principiantes absolutos - Lite;https://www.udemia.cl/jquery-for-absolute-beginners-lite/;Nivel principiante; 20.000 ;7; 1.769 
desarrollador web;420982;Aprendiendo 200 funciones jQuery con 800 ejemplos;https://www.udemia.cl/jquery-foundation/;Todos los niveles; 195.000 ;118; 1.766 
desarrollador web;902748;Introducción al análisis de datos con Microsoft Power BI;https://www.udemia.cl/data-analytics-powerbi/;Nivel principiante; 45.000 ;16; 1.764 
desarrollador web;270808;Proyectos en Django y Python;https://www.udemia.cl/proyectos-en-django-y-python/;Todos los niveles; 60.000 ;28; 1.764 
desarrollador web;1121696;Google Blogger: Cómo crear un blog;https://www.udemia.cl/google-blogger-cómo-crear-un-blog/;Nivel principiante; 20.000 ;30; 1.763 
desarrollador web;17887;JavaScript con BackboneJS y Bootstrap CSS - Avanzado;https://www.udemia.cl/javascript-avanzado-con-backbonejs-y-bootstrap-css/;Nivel intermedio; 25.000 ;16; 1.758 
desarrollador web;933110;Desarrolle un sitio profesional de WordPress OnePage sin codificación;https://www.udemia.cl/develop-a-professional-onepage-wordpress-site-with-no-coding/;Todos los niveles; 20.000 ;13; 1.747 
desarrollador web;1169378;Crea un clon completo de Fiverr con Node + Algolia + Paypal;https://www.udemia.cl/web-developer-build-fiverr-twitter-and-mvp-with-nodejs/;Todos los niveles; 30.000 ;87; 1.741 
desarrollador web;863954;Angular 2 desde cero;https://www.udemia.cl/angular-2-from-the-ground-up/;Nivel principiante; 30.000 ;87; 1.737 
desarrollador web;340362;Aprenda Ruby on Rails construyendo proyectos;https://www.udemia.cl/learn-ruby-on-rails-building-projects/;Nivel principiante; 60.000 ;47; 1.736 
desarrollador web;937134;Javascript nivel intermedio 3 - JSON;https://www.udemia.cl/javascript-intermediate-json-course/;Nivel principiante; 100.000 ;25; 1.735 
desarrollador web;929260;Aprende SASS: de principiante a experto;https://www.udemia.cl/learn-sass-from-beginner-to-expert/;Nivel principiante; 20.000 ;13; 1.734 
desarrollador web;1210098;HTML5 y CSS para principiantes y expertos;https://www.udemia.cl/html5-and-css-for-beginner-to-expert/;Nivel intermedio; 20.000 ;48; 1.732 
desarrollador web;671960;Angular 2 Jump Start con texto mecanografiado;https://www.udemia.cl/angular-2-jump-start-with-typescript/;Todos los niveles; 20.000 ;74; 1.731 
desarrollador web;773824;Aprenda con el ejemplo: los fundamentos de HTML, CSS y Javascript;https://www.udemia.cl/aprender-por-ejemplo-html-css-javascript/;Todos los niveles; 50.000 ;94; 1.724 
desarrollador web;947116;Aprenda las características orientadas a objetos de PHP con ejemplos simples;https://www.udemia.cl/learn-php-object-oriented-features-with-simple-examples/;Nivel principiante; 20.000 ;7; 1.723 
desarrollador web;764042;ReactJS y Flux: aprende construyendo 10 proyectos;https://www.udemia.cl/reactjs-and-flux-learn-by-building-10-projects/;Todos los niveles; 60.000 ;60; 1.723 
desarrollador web;585496;Ultimate AngularJS: crea una aplicación del mundo real desde cero;https://www.udemia.cl/ultimate-angularjs-course/;Todos los niveles; 100.000 ;49; 1.712 
desarrollador web;895040;Cree el complemento de WordPress para extender Beaver Builder;https://www.udemia.cl/build-wordpress-plugin-to-extend-beaver-builder/;Todos los niveles; 50.000 ;17; 1.705 
desarrollador web;1022582;El curso para desarrolladores Ultimate Vue JS 2;https://www.udemia.cl/vuejs-2-essentials/;Nivel principiante; 195.000 ;178; 1.703 
desarrollador web;688874;JSON para principiantes: una introducción muy básica;https://www.udemia.cl/json-for-beginners-a-very-basic-introduction/;Todos los niveles; 65.000 ;8; 1.703 
desarrollador web;424864;Escriba PHP como un profesional: construya un marco PHP MVC desde cero;https://www.udemia.cl/php-mvc-from-scratch/;Todos los niveles; 70.000 ;65; 1.703 
desarrollador web;958132;Aprende con el ejemplo: jQuery;https://www.udemia.cl/aprender-por-ejemplo-jquery/;Todos los niveles; 50.000 ;78; 1.702 
desarrollador web;384318;WordPress para principiantes: cree su primer sitio web en 2017;https://www.udemia.cl/from-novice-to-ninja-the-complete-wordpress-training-course-/;Todos los niveles; 100.000 ;88; 1.701 
desarrollador web;722754;Curso acelerado de desarrollo de WordPress: de cero a héroe;https://www.udemia.cl/wordpress-development-crash-course/;Nivel intermedio; 60.000 ;22; 1.699 
desarrollador web;903140;El curso completo de hapiJS: ¡pasa de principiante a avanzado!;https://www.udemia.cl/hapijs-course/;Todos los niveles; 195.000 ;54; 1.697 
desarrollador web;897146;Conviértase en un desarrollador de pila completa con Spring, AWS y Stripe;https://www.udemia.cl/become-a-full-stack-developer-with-spring-aws-and-stripe/;Nivel intermedio; 75.000 ;60; 1.696 
desarrollador web;137650;Desarrollo de aplicaciones web: aprenda creando 3 aplicaciones web;https://www.udemia.cl/build-3-web-applications-in-90-minutes/;Nivel principiante; 30.000 ;29; 1.688 
desarrollador web;842058;Cree una aplicación web con Spring Framework y Angular 2;https://www.udemia.cl/build-a-web-app-with-spring-boot-and-angular-2/;Todos los niveles; 145.000 ;48; 1.683 
desarrollador web;749560;HTML5 CSS3 JQUERY Proyecto de sitio web de una sola página desde cero;https://www.udemia.cl/html5-css3-jquery-single-page-website-project-from-scratch/;Todos los niveles; 120.000 ;32; 1.678 
desarrollador web;1198654;Cómo configurar un servidor web desde cero a uno totalmente administrado;https://www.udemia.cl/como-configurar-un-servidor-web/;Todos los niveles; 200.000 ;24; 1.673 
desarrollador web;41356;Cree un sitio web comercial receptivo con WordPress;https://www.udemia.cl/creating-a-business-website-with-a-responsive-design/;Nivel intermedio; 95.000 ;38; 1.659 
desarrollador web;711592;Uso de JavaScript moderno hoy;https://www.udemia.cl/usando-javascript-moderno/;Todos los niveles; 50.000 ;68; 1.658 
desarrollador web;602702;Wordpress para principiantes: cree sitios web rápidamente sin codificación;https://www.udemia.cl/wordpress-create-websites-fast-wo-coding-and-make-money/;Todos los niveles; 50.000 ;68; 1.658 
desarrollador web;589342;Aprenda HTML - ¡El lenguaje de programación para construir una página web!;https://www.udemia.cl/tomarelprimerpaso/;Todos los niveles; 25.000 ;19; 1.655 
desarrollador web;568524;Cofre del tesoro de complementos de WordPress;https://www.udemia.cl/mejores-plugins-de-wordpress-cofre-del-tesoro/;Todos los niveles; 25.000 ;44; 1.655 
desarrollador web;838418;Curso PHP Fecha y Hora por Edwin Diaz;https://www.udemia.cl/crash-course-learn-to-create-date-and-time-in-php-facilmente/;Todos los niveles; 40.000 ;14; 1.653 
desarrollador web;1204208;Dominar los microservicios con Java Spring Boot;https://www.udemia.cl/mastering-micro-services-using-java-sprint-boot/;Nivel principiante; 195.000 ;25; 1.649 
desarrollador web;842728;Primeros pasos con NodeJS para principiantes;https://www.udemia.cl/empezando-con-nodejs-para-principiantes/;Nivel principiante; 195.000 ;12; 1.645 
desarrollador web;631472;DesktopServer: Instale WordPress localmente - ¡Trabaje en cualquier lugar!;https://www.udemia.cl/desktopserver/;Nivel principiante; 65.000 ;29; 1.640 
desarrollador web;937206;Aprenda PHP CodeIgniter Framework con AJAX y Bootstrap;https://www.udemia.cl/learn-php-codeigniter-framework-with-ajax-and-bootstrap/;Todos los niveles; 75.000 ;21; 1.634 
desarrollador web;369132;Ruby on Rails integral: cree aplicaciones web desde cero;https://www.udemia.cl/build-etsy-yelp-craigslist-and-a-web-scraper-from-scratch/;Todos los niveles; 145.000 ;129; 1.628 
desarrollador web;856530;Comprenda las matrices PHP y la solicitud HTTP de una mejor manera;https://www.udemia.cl/understand-php-arrays-and-http-request-in-a-better-way/;Todos los niveles; 35.000 ;7; 1.627 
desarrollador web;863976;PHP - Enviar y recibir mensajes de texto móviles (SMS);https://www.udemia.cl/php-enviar-y-recibir-mensajes-de-texto-moviles-sms/;Todos los niveles; 50.000 ;18; 1.626 
desarrollador web;863812;Spring Core DevOps en AWS;https://www.udemia.cl/spring-core-devops-on-aws/;Nivel principiante; 100.000 ;78; 1.626 
desarrollador web;791610;Crear un sitio web comercial con WordPress;https://www.udemia.cl/crea-un-sitio-web-empresarial-con-wordpress/;Nivel intermedio; 50.000 ;38; 1.624 
desarrollador web;846578;Manipulación de JavaScript del modelo de objeto de documento DOM;https://www.udemia.cl/javascript-manipulation-of-the-dom-document-object-model/;Todos los niveles; 20.000 ;20; 1.618 
desarrollador web;797832;Primeros pasos con WordPress 2016;https://www.udemia.cl/empezando-con-wordpress-cms/;Todos los niveles; 20.000 ;20; 1.613 
desarrollador web;896858;El curso completo de desarrollo y personalización de WordPress;https://www.udemia.cl/the-complete-wordpress-development-customization-course/;Todos los niveles; 100.000 ;157; 1.611 
desarrollador web;180547;Desarrollo PHP con el Framework Laravel;https://www.udemia.cl/php-desarrollo-con-laravel-4/;Nivel principiante; 50.000 ;20; 1.611 
desarrollador web;130168;HTML y CSS para desarrolladores web principiantes;https://www.udemia.cl/html-and-css-for-beginning-web-developers/;Nivel principiante; 100.000 ;73; 1.606 
desarrollador web;1240522;Aprenda Bootstrap y cree sitios web receptivos;https://www.udemia.cl/learn-bootstrap-and-make-responsive-websites/;Nivel principiante; 25.000 ;32; 1.605 
desarrollador web;765916;Iniciar desarrollo web con GIS Map en JavaScript;https://www.udemia.cl/start-web-development-with-gis-map-in-javascript/;Nivel principiante; 60.000 ;49; 1.599 
desarrollador web;987666;Learn React: la biblioteca de JavaScript más lucrativa del mundo;https://www.udemia.cl/learn-react-the-worlds-most-lucrative-javascript-library/;Todos los niveles; 50.000 ;74; 1.591 
desarrollador web;494510;Tutorial del complemento de WordPress;https://www.udemia.cl/wordpress-plugin-tutorial/;Todos los niveles; 40.000 ;15; 1.588 
desarrollador web;12975;Introducción a la programación Java para estudiantes en línea;https://www.udemia.cl/learning-to-program-in-java-a-supplement-for-online-academic-learners/;Todos los niveles; 200.000 ;124; 1.586 
desarrollador web;328960;Tu Propio Sitio en 45 Min: El Curso Completo de Wordpress;https://www.udemia.cl/wordpress-sites/;Todos los niveles; 120.000 ;36; 1.566 
desarrollador web;970252;PHP: conceptos básicos para principiantes;https://www.udemia.cl/php-basics-for-beginners-new/;Todos los niveles; 45.000 ;12; 1.562 
desarrollador web;975060;Aprende React JS desde cero;https://www.udemia.cl/learn-react-js-from-scratch/;Todos los niveles; 115.000 ;34; 1.562 
desarrollador web;516790;HTML y CSS: una guía para el diseño web;https://www.udemia.cl/html-and-css-a-guide-to-web-design/;Nivel principiante; 25.000 ;74; 1.557 
desarrollador web;746790;JavaScript, jQuery y Ajax;https://www.udemia.cl/ajax-calls-the-simplest-way/;Todos los niveles; 20.000 ;60; 1.554 
desarrollador web;470412;Capacitación esencial en HTML, CSS y HTML5;https://www.udemia.cl/essential-html-css-html5-training/;Todos los niveles; 50.000 ;43; 1.553 
desarrollador web;287010;HTML y CSS: aprenda a crear sitios web elegantes;https://www.udemia.cl/html-css-learn-to-build-sleek-websites/;Todos los niveles; 55.000 ;44; 1.552 
desarrollador web;650222;El Curso Completo de HTML5 y CSS3 - con 8 Diseño de Sitios Web;https://www.udemia.cl/build-responsive-websites-with-html5-and-css3-from-scratch/;Todos los niveles; 30.000 ;78; 1.551 
desarrollador web;499904;Cree una página de destino con todas las funciones en Ruby on Rails en 3 horas;https://www.udemia.cl/rails-1-landing-page/;Todos los niveles; 30.000 ;23; 1.550 
desarrollador web;564546;Aprende PHP desde cero;https://www.udemia.cl/learn-php-from-scratch-in-1-3-hr/;Todos los niveles; 50.000 ;27; 1.550 
desarrollador web;936504;El curso completo de HTML5 y CSS3;https://www.udemia.cl/el-curso-completo-html5-y-css3/;Todos los niveles; 40.000 ;126; 1.548 
desarrollador web;904818;Seguridad web: vulnerabilidades comunes y su mitigación;https://www.udemia.cl/seguridad-web-vulnerabilidades-comunes-y-su-mitigacion/;Todos los niveles; 50.000 ;56; 1.547 
desarrollador web;1116366;Fundamentos HTML y CSS;https://www.udemia.cl/html-and-css-foundations/;Todos los niveles; - ;29; 1.544 
desarrollador web;505780;Cómo registrar un dominio, configurar un alojamiento y editar páginas web;https://www.udemia.cl/register-domain-setup-hosting-create-web-page/;Todos los niveles; 45.000 ;39; 1.540 
desarrollador web;1135712;Dominar el desarrollo web moderno usando React;https://www.udemia.cl/mastering-modern-web-development-using-react/;Nivel principiante; 195.000 ;29; 1.537 
desarrollador web;417914;GRUNT js: Automatice las tareas de desarrollo web y ahorre tiempo;https://www.udemia.cl/gruntjs-automatice-web-development-tasks-and-save-your-time/;Nivel principiante; 55.000 ;18; 1.534 
desarrollador web;253246;Conceptos básicos en HTML 5;https://www.udemia.cl/conceptos-básicos-en-html-5/;Todos los niveles; 75.000 ;23; 1.532 
desarrollador web;258886;Geolocalización HTML5 en profundidad: Cree 7 aplicaciones de geolocalización HTML5;https://www.udemia.cl/html5-geolocalización-en-profundidad-construir-ubicación-aware-applications/;Nivel principiante; 90.000 ;86; 1.526 
desarrollador web;895096;Objetos de JavaScript definitivos;https://www.udemia.cl/js-objects/;Nivel intermedio; 20.000 ;65; 1.525 
desarrollador web;1030440;Proyectos con JSON y APIs;https://www.udemia.cl/proyectos-con-json-y-apis/;Nivel intermedio; 20.000 ;23; 1.520 
desarrollador web;56259;jQuery UI en profundidad;https://www.udemia.cl/jquery-ui-en-profundidad/;Todos los niveles; 25.000 ;52; 1.520 
desarrollador web;1170690;Introducción al olmo;https://www.udemia.cl/introduction-to-elm/;Nivel principiante; - ;20; 1.519 
desarrollador web;382258;Ruby on Rails 4---Un enfoque basado en pruebas;https://www.udemia.cl/ruby-on-rails-4-a-test-driven-approach/;Todos los niveles; 100.000 ;122; 1.518 
desarrollador web;235104;Desarrollo Responsivo de Temas Html5;https://www.udemia.cl/responsive-html5-theme-development/;Nivel principiante; 20.000 ;12; 1.517 
desarrollador web;936182;Aprende con el ejemplo: Angular JS;https://www.udemia.cl/aprender-por-ejemplo-angular-js/;Todos los niveles; 50.000 ;60; 1.515 
desarrollador web;948440;PSD a HTML5 receptivo: principiante a avanzado;https://www.udemia.cl/psd-to-html5-beginner-to-advanced/;Todos los niveles; 40.000 ;49; 1.502 
desarrollador web;978850;Aprende con el ejemplo: ReactJS;https://www.udemia.cl/aprender-por-ejemplo-reactjs/;Nivel principiante; 50.000 ;74; 1.496 
desarrollador web;674040;Tutorial de Bootstrap - Fundamentos de básico a avanzado;https://www.udemia.cl/bootstrap-tutorial-essentials-from-basic-to-advanced/;Todos los niveles; 195.000 ;62; 1.494 
desarrollador web;368786;Drupal para principiantes;https://www.udemia.cl/empezando-con-drupal-para-principiantes-totales/;Nivel intermedio; 30.000 ;83; 1.478 
desarrollador web;1189508;Crear una red social usando PHP Mysqli HTML Css y JQuery;https://www.udemia.cl/crear-una-red-social-usando-php-mysqli-html-css-y-jquery/;Nivel intermedio; 40.000 ;27; 1.477 
desarrollador web;652376;Aprenda los fundamentos esenciales de Javascript - Lite;https://www.udemia.cl/learn-essential-javascript-fundamentals-lite/;Todos los niveles; 20.000 ;8; 1.476 
desarrollador web;991094;Cree un sitio web receptivo moderno con HTML5, CSS3 y Bootstrap;https://www.udemia.cl/build-modern-responsive-website-with-html5-css3-bootstrap/;Todos los niveles; 195.000 ;110; 1.472 
desarrollador web;912946;Código de rieles profesionales a lo largo;https://www.udemia.cl/professional-ruby-on-rails-coding-course/;Todos los niveles; 40.000 ;120; 1.469 
desarrollador web;378924;Aprende animación usando CSS3, Javascript y HTML5;https://www.udemia.cl/animating-css-javascript/;Todos los niveles; 40.000 ;18; 1.468 
desarrollador web;19260;Cree un sitio web atractivo con Twitter Bootstrap 2.x;https://www.udemia.cl/create-an-engaging-website-with-twitter-bootstrap/;Nivel principiante; 20.000 ;24; 1.463 
desarrollador web;523216;La forma más rápida de crear un sitio web usando Godaddy;https://www.udemia.cl/crea-tu-propio-sitio-web/;Todos los niveles; 30.000 ;12; 1.454 
desarrollador web;519952;PHP: Sistema completo de inicio de sesión y registro con PHP y MYSQL;https://www.udemia.cl/user-authentication-code-a-simple-login-system-with-php/;Nivel principiante; 200.000 ;48; 1.448 
desarrollador web;651990;Instalar Wordpress;https://www.udemia.cl/aprende-como-instalar-wordpress/;Nivel principiante; 20.000 ;7; 1.447 
desarrollador web;392836;Aprenda fácilmente desarrollo web con arrastrar y soltar: OptimizePress;https://www.udemia.cl/optimizepress/;Todos los niveles; 20.000 ;25; 1.442 
desarrollador web;814206;Aprenda con el ejemplo: PHP para sitios web dinámicos;https://www.udemia.cl/aprender-por-ejemplo-php-para-sitios-web-dinámicos/;Nivel principiante; 50.000 ;77; 1.439 
desarrollador web;1139400;¡Solucione la nueva advertencia 'No seguro' de Google con Let's Encrypt!;https://www.udemia.cl/fix-googles-new-not-secure-warning-with-lets-encrypt/;Nivel intermedio; 95.000 ;20; 1.437 
desarrollador web;645714;Cree aplicaciones con ReactJS: el curso completo;https://www.udemia.cl/construir-aplicaciones-con-reactjs-el-curso-completo/;Nivel principiante; 40.000 ;34; 1.433 
desarrollador web;611518;Aprende ASP NET MVC 5 paso a paso;https://www.udemia.cl/maruti-mvc5/;Todos los niveles; 20.000 ;32; 1.428 
desarrollador web;943306;Aprende Node.js creando Udemy: Stripe + MailChimp + Wistia;https://www.udemia.cl/use-javascript-to-build-udemy-stripe-mailchimp-wistia/;Todos los niveles; 110.000 ;34; 1.425 
desarrollador web;598516;jQuery para principiantes;https://www.udemia.cl/jquery-for-beginners_sre/;Nivel principiante; 20.000 ;36; 1.421 
desarrollador web;949134;El curso de desarrollo web extremo: para principiantes;https://www.udemia.cl/el-curso-de-desarrollo-web-extremo/;Todos los niveles; 200.000 ;152; 1.420 
desarrollador web;335280;Cómo copiar y mover de forma segura su sitio web de WordPress;https://www.udemia.cl/how-to-safely-copy-and-move-your-wordpress-website/;Nivel principiante; 60.000 ;20; 1.419 
desarrollador web;1267892;Primeros pasos con JavaScript;https://www.udemia.cl/código-javascript/;Todos los niveles; 200.000 ;23; 1.415 
desarrollador web;467186;HTML5 y CSS3 -Comienza a construir hermosos sitios web;https://www.udemia.cl/html5-and-css3-crash-course/;Todos los niveles; 150.000 ;22; 1.414 
desarrollador web;822670;JavaScript: trucos y soluciones alternativas;https://www.udemia.cl/javascript-trucos-y-soluciones/;Nivel intermedio; 100.000 ;67; 1.410 
desarrollador web;173888;AngularJS para el mundo real: aprenda creando una aplicación web;https://www.udemia.cl/angularjs-for-the-real-world-learn-to-create-a-webapp/;Todos los niveles; 115.000 ;69; 1.407 
desarrollador web;1026206;Vistas previas del software de creación de sitios web;https://www.udemia.cl/website-builder-software-reviews-weebly-vs-squarespace-vs-wix/;Nivel principiante; 25.000 ;20; 1.406 
desarrollador web;288258;Aprende a codificar en HTML5, CSS3 y JavaScript;https://www.udemia.cl/aprender-a-codificar-en-html5-css3-y-javascript/;Todos los niveles; 20.000 ;17; 1.404 
desarrollador web;1045942;Angular NgRx Store Clase magistral - Cubre Angular 4;https://www.udemia.cl/angular-ngrx-course/;Todos los niveles; 150.000 ;89; 1.399 
desarrollador web;372442;Cree un sitio web de comercio electrónico sin ningún tipo de codificación;https://www.udemia.cl/crear-un-sitio-web-de-comercio-electrónico-sin-ninguna-codificación/;Nivel principiante; 20.000 ;9; 1.393 
desarrollador web;532008;Habilidades esenciales de desarrollo web: HTML y CSS completos;https://www.udemia.cl/complete-html5-css3-course-newbie-to-pro/;Todos los niveles; 95.000 ;58; 1.388 
desarrollador web;697798;Guía completa para instalar Wordpress, PHP en la Nube, AWS o VPS;https://www.udemia.cl/una-guía-completa-para-instalar-wordpress-php-en-el-servidor-en-la-nube-aws-or-vps/;Nivel principiante; 50.000 ;28; 1.386 
desarrollador web;555122;jQuery en acción: compilar 8 proyectos jQuery;https://www.udemia.cl/jquery-web-desarrollo-fácil/;Nivel principiante; 100.000 ;97; 1.385 
desarrollador web;876850;Especialista en HTML5: Formación completa en HTML5;https://www.udemia.cl/html5-especialista/;Nivel intermedio; 100.000 ;83; 1.385 
desarrollador web;1070976;Curso completo de comercio electrónico: Java, Spring, Hibernate y MySQL;https://www.udemia.cl/curso-comercio-electrónico-completo-javaspringhibernate-y-mysql/;Todos los niveles; 195.000 ;83; 1.371 
desarrollador web;1189280;Introducción a Node.js para principiantes;https://www.udemia.cl/introduction-to-nodejs-for-beginners/;Nivel intermedio; 125.000 ;58; 1.367 
desarrollador web;403604;Desarrollo web con BootStrap: ¡16 temas instantáneos incluidos!;https://www.udemia.cl/bootstrap-course/;Todos los niveles; 40.000 ;27; 1.355 
desarrollador web;1156648;Aprenda ASP.Net Web API 2 para principiantes absolutos;https://www.udemia.cl/learn-aspnet-web-api-2-for-absolute-beginner/;Todos los niveles; 30.000 ;29; 1.355 
desarrollador web;976854;Curso maestro Spring 4: anotación de portadas y configuración XML;https://www.udemia.cl/java-spring-framework/;Nivel principiante; 200.000 ;320; 1.353 
desarrollador web;1199774;JavaScript 2017: conviértase en el desarrollador web mejor calificado;https://www.udemia.cl/become-professional-javascript-developer/;Nivel principiante; 115.000 ;32; 1.346 
desarrollador web;1203040;Curso de blogger de Google;https://www.udemia.cl/curso-de-blogger-gratis/;Nivel principiante; 60.000 ;22; 1.343 
desarrollador web;1063722;Aprenda Python Django: un curso práctico;https://www.udemia.cl/learn-python-django-a-hands-on-course/;Nivel principiante; 50.000 ;18; 1.339 
desarrollador web;1197650;¡Aumente la velocidad de su sitio web sin ningún tipo de codificación!;https://www.udemia.cl/aumenta-la-velocidad-de-tu-sitio-web-sin-ninguna-codificación/;Nivel principiante; 50.000 ;12; 1.337 
desarrollador web;661774;JSON en acción: Cree aplicaciones basadas en JSON;https://www.udemia.cl/json-en-accion/;Nivel principiante; 50.000 ;37; 1.322 
desarrollador web;554136;Creación de sitios web receptivos con Bootstrap 3 Framework;https://www.udemia.cl/creación-de-sitios-web-responsivos-con-bootstrap-3-framework/;Nivel principiante; 75.000 ;27; 1.322 
desarrollador web;440006;Tema X para WordPress: ¡Diseño web receptivo sin código!;https://www.udemia.cl/x-theme-for-wordpress-responsive-websites-without-code/;Nivel principiante; 20.000 ;55; 1.318 
desarrollador web;473622;Mecanografiado completo;https://www.udemia.cl/typescript101/;Todos los niveles; 125.000 ;51; 1.318 
desarrollador web;616818;Conceptos básicos de JavaScript y jQuery: Comience el viaje;https://www.udemia.cl/learn-javacript/;Nivel Experto; 25.000 ;45; 1.316 
desarrollador web;686764;Aprenda el desarrollo de complementos en WordPress mediante la construcción de proyectos;https://www.udemia.cl/learn-plugin-development-in-wordpress-by-building-projects/;Nivel principiante; 60.000 ;62; 1.313 
desarrollador web;576108;Introducción a PHP Slim Microframework;https://www.udemia.cl/introducción-a-php-slim-microframework/;Todos los niveles; 20.000 ;11; 1.312 
desarrollador web;516064;Aprende Express;https://www.udemia.cl/learn-express/;Todos los niveles; 25.000 ;14; 1.309 
desarrollador web;311638;Joomla 3: ¡Desarrolle un sitio web profesional en 3 simples pasos!;https://www.udemia.cl/desarrollar-un-sitio-web-profesional-de-hotel-usando-joomla-3x/;Nivel principiante; 35.000 ;43; 1.309 
desarrollador web;477250;Aprenda Gulp, el sistema de compilación de transmisión;https://www.udemia.cl/gulp-101/;Nivel principiante; 25.000 ;16; 1.305 
desarrollador web;946310;Servicios web PHP;https://www.udemia.cl/php-webservices/;Todos los niveles; 30.000 ;8; 1.305 
desarrollador web;726290;Star Rating Project AJAX con respuesta JSON de PHP MySQL;https://www.udemia.cl/star-rating-project-ajax-with-json-response-from-php-mysql/;Nivel principiante; 120.000 ;22; 1.302 
desarrollador web;1123098;Clase magistral de RxJs y programación reactiva angular - Angular 4;https://www.udemia.cl/rxjs-reactive-angular-course/;Todos los niveles; 150.000 ;80; 1.301 
desarrollador web;599504;Desarrollo web Python escalable avanzado usando Flask;https://www.udemia.cl/advanced-python-flask/;Todos los niveles; 120.000 ;71; 1.299 
desarrollador web;403106;Aprenda BuddyPress: construya una red social con WordPress;https://www.udemia.cl/learn-buddypress-build-a-social-network-with-wordpress/;Todos los niveles; 20.000 ;23; 1.299 
desarrollador web;846156;JavaScript Guía completa para aprender JavaScript;https://www.udemia.cl/javascript-completa-guia-para-aprender-javascript/;Nivel intermedio; 200.000 ;72; 1.296 
desarrollador web;365426;Cree un sitio web profesional de Wordpress en una hora;https://www.udemia.cl/construir-un-sitio-web-de-wordpress-profesional-en-una-hora/;Todos los niveles; 20.000 ;15; 1.294 
desarrollador web;783746;Byte-Sized-Chunks: Cierres en Javascript;https://www.udemia.cl/cierres-en-javascript/;Nivel intermedio; 20.000 ;12; 1.292 
desarrollador web;332252;AngularJS para principiantes, aplicaciones de una sola página simplificadas;https://www.udemia.cl/angularjs-tutorial/;Todos los niveles; 200.000 ;30; 1.284 
desarrollador web;552258;Desarrollo profesional de temas de WordPress desde cero;https://www.udemia.cl/photoshop-psd-to-wordpress-theme-development-from-scratch/;Todos los niveles; 200.000 ;301; 1.284 
desarrollador web;835712;Curso acelerado: aprenda a crear un marco PHP MVC;https://www.udemia.cl/crash-course-learn-to-create-a-php-mvc-framework/;Nivel principiante; 50.000 ;12; 1.282 
desarrollador web;495958;Cree sitios web receptivos avanzados con Foundation 6 y SASS;https://www.udemia.cl/foundation-5-sass-learn-by-building-a-complete-website/;Todos los niveles; 200.000 ;271; 1.276 
desarrollador web;392526;¡Aprende HTML efectivo en muy poco tiempo!;https://www.udemia.cl/learn-efective-html-in-no-time/;Todos los niveles; 40.000 ;18; 1.275 
desarrollador web;955818;Jquery: conceptos básicos para principiantes;https://www.udemia.cl/jquery-basics-para-principiantes/;Todos los niveles; 50.000 ;15; 1.274 
desarrollador web;368908;JavaScript desde cero para muy principiantes;https://www.udemia.cl/javascript-basics-for-begginers/;Nivel intermedio; 30.000 ;29; 1.272 
desarrollador web;143028;Codifique un sitio web receptivo usando HTML5 y CSS para principiantes;https://www.udemia.cl/how-to-code-a-responsive-website-using-html5-and-css/;Todos los niveles; 50.000 ;110; 1.271 
desarrollador web;1189288;Drupal Tutorial: Drupal 8 Principiante a Experto en 8 PROYECTOS;https://www.udemia.cl/tutorial-drupal/;Todos los niveles; 200.000 ;73; 1.270 
desarrollador web;123566;Aprendizaje Bootstrap 3 - Tutorial de Infinite Skills;https://www.udemia.cl/bootstrap-3/;Nivel intermedio; 50.000 ;50; 1.266 
desarrollador web;465210;Tutorial de Ruby on Rails: aprenda 6 técnicas de SEO de Ruby on Rails;https://www.udemia.cl/ruby-on-rails-seo/;Todos los niveles; 200.000 ;21; 1.266 
desarrollador web;488220;Vistas Drupal: Introducción a la mejora de su sitio web Drupal;https://www.udemia.cl/drupalviews/;Nivel intermedio; 105.000 ;40; 1.262 
desarrollador web;688968;PHP con PDO - Curso intensivo ULTIMATE;https://www.udemia.cl/php-with-pdo-ultimate-crash-course/;Todos los niveles; 50.000 ;18; 1.248 
desarrollador web;955138;AJAX: conceptos básicos para principiantes;https://www.udemia.cl/ajaxbasics/;Todos los niveles; 35.000 ;9; 1.241 
desarrollador web;957362;AngularJs: conceptos básicos para principiantes;https://www.udemia.cl/angularjs-basics-para-principiantes/;Nivel intermedio; 45.000 ;14; 1.237 
desarrollador web;520302;Aprende a hacer un sitio web HTML 5 con un video de fondo;https://www.udemia.cl/aprende-a-hacer-un-sitio-web-html-5-con-un-fondo-de-video/;Nivel intermedio; 80.000 ;14; 1.236 
desarrollador web;709460;Aprenda a programar Rails en menos de 30 minutos - Lite;https://www.udemia.cl/learn-rails-programming-in-less-than-30-minute-lite/;Nivel principiante; 20.000 ;7; 1.235 
desarrollador web;986406;Clase magistral mecanografiada y libro electrónico GRATIS;https://www.udemia.cl/complete-typescript-2-course/;Nivel principiante; 150.000 ;108; 1.229 
desarrollador web;520308;Aprende a hacer un sitio web colorido de una página;https://www.udemia.cl/learn-to-make-a-colorful-one-page-website/;Nivel principiante; 200.000 ;16; 1.220 
desarrollador web;862428;PHP: aprenda a cargar archivos en Amazon S3 y use CloudFront;https://www.udemia.cl/php-learn-to-upload-files-to-amazon-s3-and-use-cloudfront/;Todos los niveles; 50.000 ;28; 1.216 
desarrollador web;50528;El curso completo de desarrollo de complementos de Wordpress - 8 complementos;https://www.udemia.cl/wordpress-plugin-desarrollo/;Todos los niveles; 200.000 ;33; 1.215 
desarrollador web;1082996;Desarrollador de Pimcore: implementar un blog a partir de un tema de Bootstrap;https://www.udemia.cl/enterprise-cms-applied-implement-a-website-with-pimcore/;Nivel principiante; 95.000 ;39; 1.212 
desarrollador web;733694;Cómo crear un videoblog con WordPress;https://www.udemia.cl/como-crear-un-blog-con-wordpress-video-blog/;Todos los niveles; 25.000 ;62; 1.209 
desarrollador web;786494;Degradados CSS3 para diseñadores web;https://www.udemia.cl/css3-gradients/;Todos los niveles; 20.000 ;21; 1.209 
desarrollador web;495678;JavaScript para principiantes: una guía completa;https://www.udemia.cl/javascript-una-guía-completa/;Todos los niveles; 100.000 ;58; 1.193 
desarrollador web;769314;Aprenda a programar en Ruby de forma fácil - Lite;https://www.udemia.cl/learn-ruby-programming-the-easy-way-lite/;Todos los niveles; 20.000 ;7; 1.186 
desarrollador web;653852;Bootstrap para principiantes: una introducción básica;https://www.udemia.cl/bootstrap-for-beginners-a-basic-introduction/;Nivel intermedio; 55.000 ;9; 1.186 
desarrollador web;512000;Academia de temas de WordPress con Bootstrap;https://www.udemia.cl/bootstrap-to-wordpress-build-custom-responsive-themes/;Todos los niveles; 20.000 ;64; 1.169 
desarrollador web;576646;Cree API RESTful rápidas con Lumen y Homestead de Laravel;https://www.udemia.cl/lumen-restful-api-and-homestead-for-lumen-by-laravel-and-php/;Todos los niveles; 60.000 ;31; 1.157 
desarrollador web;641732;Css para principiantes;https://www.udemia.cl/css-made-simple-for-beginners-learn-to-style-a-website-page/;Todos los niveles; 85.000 ;28; 1.156 
desarrollador web;1231872;Desarrollo web con HTML CSS BOOTSTRAP JQUERY para principiantes;https://www.udemia.cl/desarrollo-web-con-html-css-bootstrap-jquery-for-beginners/;Nivel principiante; 35.000 ;59; 1.156 
desarrollador web;738726;Aprende HTML y CSS para hacer un sitio web;https://www.udemia.cl/learn-html-and-css-to-make-website/;Todos los niveles; 20.000 ;71; 1.154 
desarrollador web;128384;Big Data y Apache Hadoop para desarrolladores: fundamentos;https://www.udemia.cl/learn-big-data-and-apache-hadoop-for-developers-online/;Todos los niveles; 30.000 ;9; 1.154 
desarrollador web;964118;Bootstrap: conceptos básicos para principiantes;https://www.udemia.cl/bootstrap-basics-para-principiantes/;Todos los niveles; 40.000 ;14; 1.152 
desarrollador web;595818;Proyecto de activación de cuenta de Laravel;https://www.udemia.cl/laravel-account-activation-project/;Todos los niveles; 50.000 ;19; 1.147 
desarrollador web;413618;SASS - Curso intensivo para principiantes;https://www.udemia.cl/sass-beginner-crash-course/;Nivel principiante; 25.000 ;13; 1.143 
desarrollador web;425086;Implementación de un almacén de datos con SQL Server 2012;https://www.udemia.cl/implementación-de-un-almacén-de-datos-con-sql-server-2012/;Todos los niveles; 85.000 ;90; 1.142 
desarrollador web;362360;Cree su propio sitio web de membresía con Joomla;https://www.udemia.cl/construye-tu-propio-sitio-web-de-membresía-con-joomla/;Nivel intermedio; 95.000 ;24; 1.134 
desarrollador web;908996;Parse Server: de front-end a full stack;https://www.udemia.cl/parse-server/;Todos los niveles; 200.000 ;66; 1.130 
desarrollador web;1006894;React.js: creación de aplicaciones listas para producción, de principio a fin;https://www.udemia.cl/reactjs-building-production-ready-apps-start-to-finish/;Todos los niveles; 50.000 ;77; 1.129 
desarrollador web;25615;Inicio de sesión y registro desde cero con PHP y MySQL;https://www.udemia.cl/autenticación-desde-cero-con-php-y-mysql/;Nivel principiante; 20.000 ;36; 1.128 
desarrollador web;1111552;Cree un complemento JQuery completo (diálogo emergente de imagen);https://www.udemia.cl/build-a-complete-jquery-plugin-image-pop-up-dialog/;Nivel intermedio; 20.000 ;12; 1.126 
desarrollador web;814848;Conceptos básicos de WordPress para empresas: comparta y venda su experiencia;https://www.udemia.cl/wordpress-basics-to-business/;Nivel principiante; 50.000 ;45; 1.125 
desarrollador web;1020722;PHP Zend Framework 1.11: Creación de una aplicación CRUD;https://www.udemia.cl/zend-framework-111creating-a-crud-application/;Nivel intermedio; 40.000 ;7; 1.122 
desarrollador web;1115348;Pila completa Universal React con Redux, Node js y MongoDB;https://www.udemia.cl/full-stack-universal-react-with-redux-express-and-mongodb/;Nivel principiante; 195.000 ;62; 1.121 
desarrollador web;797040;Guía completa de desarrollo y diseño web front-end;https://www.udemia.cl/guia-completa-para-diseño-y-desarrollo-web-front-end/;Nivel principiante; 200.000 ;204; 1.119 
desarrollador web;1236746;Consejos y trucos de WordPress;https://www.udemia.cl/wordpress-consejos-y-trucos/;Nivel principiante; 200.000 ;37; 1.117 
desarrollador web;65355;Desarrollo web: haga un sitio web que se venderá por miles;https://www.udemia.cl/web-development-by-doing-html5-css3-complete-from-scratch/;Nivel intermedio; 50.000 ;51; 1.116 
desarrollador web;1148412;Creación de una startup de comercio electrónico en 4 horas [Livestream];https://www.udemia.cl/4-hour-startup-building-an-ecommerce-startup-and-marketing-it/;Todos los niveles; 50.000 ;23; 1.114 
desarrollador web;774910;WordPress: cree un sitio web increíble con facilidad;https://www.udemia.cl/wordpress-basic-to-advanced-tutorials/;Todos los niveles; 200.000 ;24; 1.109 
desarrollador web;707682;Dominar la depuración web y móvil con las herramientas de desarrollo de Chrome;https://www.udemia.cl/mastering-web-and-mobile-debugging-using-chrome-dev-tools/;Todos los niveles; 195.000 ;21; 1.102 
desarrollador web;633606;El curso definitivo de jQuery;https://www.udemia.cl/essential-jquery-training/;Nivel principiante; 20.000 ;54; 1.098 
desarrollador web;58653;Cómo construir un CMS con PHP;https://www.udemia.cl/make-a-cms/;Nivel principiante; 50.000 ;10; 1.096 
desarrollador web;1101204;Seguridad para su sitio de WordPress;https://www.udemia.cl/seguridad-para-su-sitio-de-wordpress/;Todos los niveles; 85.000 ;7; 1.096 
desarrollador web;987064;Aprende haciendo: Vue JS 2.0 de la manera correcta;https://www.udemia.cl/aprender-haciendo-vue-js-2-the-right-way/;Todos los niveles; 95.000 ;32; 1.087 
desarrollador web;579182;Wordpress Essentials: complementos útiles;https://www.udemia.cl/wordpress-essentials-utiles-plugins/;Todos los niveles; 25.000 ;24; 1.087 
desarrollador web;943386;CSS: conceptos básicos para principiantes;https://www.udemia.cl/learn-css-fast/;Todos los niveles; 30.000 ;13; 1.085 
desarrollador web;1023668;Curso Supremo NodeJS - Para Principiantes;https://www.udemia.cl/supreme-node-js-course/;Nivel principiante; 200.000 ;76; 1.080 
desarrollador web;851868;Cree un sitio web comercial o personal con Wordpress;https://www.udemia.cl/build-professional-business-personal-website-wordpress-create/;Nivel principiante; 200.000 ;61; 1.069 
desarrollador web;551702;Aprende a hacer sitios web con Material Design Lite de Google;https://www.udemia.cl/learn-googles-material-design-lite/;Todos los niveles; 20.000 ;84; 1.063 
desarrollador web;368679;Dominar Magento;https://www.udemia.cl/mastering-magento/;Nivel principiante; 85.000 ;40; 1.063 
desarrollador web;527834;HTML5, CSS3 y Bootstrap: cómo crear un sitio web receptivo;https://www.udemia.cl/html5-css3-bootstrap-how-to-create-a-responsive-website/;Nivel principiante; 20.000 ;32; 1.062 
desarrollador web;967410;XML: conceptos básicos para principiantes;https://www.udemia.cl/xml-basics-para-principiantes/;Nivel intermedio; 40.000 ;11; 1.062 
desarrollador web;416738;Cree una red de clientes alojando sitios de WordPress;https://www.udemia.cl/create-a-client-network-by-hosting-wordpress-sites/;Nivel intermedio; 35.000 ;17; 1.061 
desarrollador web;944156;Javascript: conceptos básicos para principiantes;https://www.udemia.cl/learn-javascript-fast/;Nivel principiante; 30.000 ;12; 1.057 
desarrollador web;235990;Cree un gran sitio web de Wordpress para su negocio en 2 horas;https://www.udemia.cl/construya-un-gran-sitio-web-de-wordpress-para-su-negocio-en-2-horas/;Todos los niveles; 35.000 ;26; 1.054 
desarrollador web;1211800;Desarrollo de temas de Wordpress para principiantes;https://www.udemia.cl/wordpress-theme-development-for-beginners/;Todos los niveles; 20.000 ;47; 1.052 
desarrollador web;911474;Curso completo de desarrollo de temas de Wordpress;https://www.udemia.cl/curso-de-desarrollo-de-temas-de-wordpress-completo/;Nivel principiante; 150.000 ;64; 1.050 
desarrollador web;742712;Tutorial de CSS para principiantes: Dale estilo a tus plantillas de Wordpress;https://www.udemia.cl/css-tutorial-for-beginners-style-your-wordpress-templates/;Nivel principiante; 35.000 ;47; 1.049 
desarrollador web;1223012;"Dominar ""formas CSS nativas para crear páginas web modernas""";https://www.udemia.cl/mastering-native-css-shapes/;Nivel principiante; 195.000 ;30; 1.040 
desarrollador web;775618;Aprende jQuery desde cero - Biblioteca Master of JavaScript;https://www.udemia.cl/easy-jquery-for-beginner-learn-from-scratch-step-by-step/;Nivel principiante; 100.000 ;21; 1.040 
desarrollador web;768612;Tutorial de Bootstrap para principiantes;https://www.udemia.cl/bootstrap-tutorial-for-beginners/;Nivel principiante; 20.000 ;20; 1.036 
desarrollador web;948204;Paquete de inicio de construcción web. Animaciones Html Css y JQuery;https://www.udemia.cl/web-building-starter-pack-html-css-and-jquery-animations/;Todos los niveles; 30.000 ;42; 1.033 
desarrollador web;824412;Venda cursos en su propio sitio web - ¡No se requiere codificación!;https://www.udemia.cl/vende-cursos-en-tu-propio-sitio-web-no-requiere-codificación/;Nivel principiante; 100.000 ;21; 1.032 
desarrollador web;1112844;La clase magistral completa de desarrollador web: principiante a avanzado;https://www.udemia.cl/curso-de-desarrollo-web-aprende-en-solo-1-dia-por-pooja-thakar/;Nivel principiante; 20.000 ;30; 1.030 
desarrollador web;533416;Cree poderosos sitios web y blogs usando WordPress - Sin codificación;https://www.udemia.cl/powerful-websites-blogs-using-wordpress-no-coding/;Todos los niveles; 20.000 ;26; 1.024 
desarrollador web;976284;Dominar DevOps;https://www.udemia.cl/mastering-devops/;Nivel intermedio; 100.000 ;38; 1.023 
desarrollador web;795278;Cree aplicaciones web Ajax con Laravel 5.2, Bootstrap y jQuery;https://www.udemia.cl/aprender-laravel-haciendo/;Todos los niveles; 100.000 ;44; 1.023 
desarrollador web;523312;Programación web Python;https://www.udemia.cl/python-web-programming/;Todos los niveles; 100.000 ;60; 1.020 
desarrollador web;673196;Introducción al desarrollo web frontend para principiantes;https://www.udemia.cl/programacion-para-desarrollo-web-desde-scratch/;Todos los niveles; 145.000 ;48; 1.018 
desarrollador web;543346;Curso de ReactJS: aprenda la biblioteca de JavaScript utilizada por Facebook e IG;https://www.udemia.cl/react-js/;Todos los niveles; 50.000 ;41; 1.018 
desarrollador web;1211160;La guía completa de desarrollo de temas de Wordpress;https://www.udemia.cl/la-guía-completa-de-desarrollo-del-tema-de-wordpress/;Todos los niveles; 25.000 ;19; 1.011 
desarrollador web;846832;Entonces, ¿crees que sabes JavaScript?;https://www.udemia.cl/entonces-crees-que-sabes-javascript-1/;Todos los niveles; 50.000 ;25; 1.010 
desarrollador web;740762;Aprenda los diez mejores marcos PHP por proyectos de construcción;https://www.udemia.cl/learn-top-ten-php-frameworks-by-building-projects/;Nivel principiante; 60.000 ;87; 1.007 
desarrollador web;1253650;Aprenda a codificar como ingeniero de RF o de telecomunicaciones - Cree un programa real;https://www.udemia.cl/learn-coding-as-rf-or-telecom-engineer-build-real-program/;Todos los niveles; 25.000 ;8; 1.006 
desarrollador web;933260;jQuery Essentials: aprenda los fundamentos de jQuery;https://www.udemia.cl/jquery-essentials/;Todos los niveles; 20.000 ;40; 1.004 
desarrollador web;947204;Aprende W3.CSS;https://www.udemia.cl/learn-w3css/;Nivel principiante; 50.000 ;10; 1.002 
desarrollador web;418386;Crea una red social REAL como Facebook en PHP + MySQL;https://www.udemia.cl/hacer-un-sitio-web-de-redes-sociales/;Nivel principiante; 45.000 ;174; 1.002 
desarrollador web;683606;El campo de entrenamiento definitivo de WordPress: crea 7 sitios web;https://www.udemia.cl/the-ultimate-wordpress-boot-camp-build-multiple-websites/;Todos los niveles; 125.000 ;140; 1.000 
desarrollador web;1004788;Primeros pasos con Craft CMS;https://www.udemia.cl/craft-cms/;Nivel principiante; 20.000 ;20; 997 
desarrollador web;922750;HTML: Genialidad de HTML;https://www.udemia.cl/html-impresionante/;Todos los niveles; 25.000 ;27; 988 
desarrollador web;611688;PSD a Bootstrap 3 para principiantes usando HTML y CSS;https://www.udemia.cl/psd-to-bootstrap/;Nivel principiante; 20.000 ;46; 976 
desarrollador web;260444;Cree un sitio de alojamiento/intercambio de archivos en menos de 2 horas;https://www.udemia.cl/construir-un-sitio-de-alojamiento-de-archivos-en-menos-de-2-horas/;Todos los niveles; 20.000 ;13; 976 
desarrollador web;975906;¡El curso Sass! Aprenda Sass para sitios web del mundo real;https://www.udemia.cl/learn-sass/;Todos los niveles; 95.000 ;18; 975 
desarrollador web;574082;Web Scraping con Python, Ruby e importación. yo;https://www.udemia.cl/web-scraping-with-python-ruby-import-io-for-fun-profit/;Nivel principiante; 75.000 ;46; 973 
desarrollador web;792703;Crear complementos de WordPress;https://www.udemia.cl/create-wordpress-plugins/;Todos los niveles; 50.000 ;21; 964 
desarrollador web;751100;Raspe sitios web usando PhantomJS y CasperJS;https://www.udemia.cl/scrape-websites-phantomjs-casperjs/;Nivel Experto; 195.000 ;32; 960 
desarrollador web;1053406;Servicios Web Java Parte 2;https://www.udemia.cl/javawebservicespart2/;Nivel principiante; 20.000 ;74; 959 
desarrollador web;900794;Conceptos básicos de JavaScript para desarrolladores web;https://www.udemia.cl/javascript-basics-para-desarrolladores-web/;Nivel intermedio; 20.000 ;17; 958 
desarrollador web;565384;Introducción a la programación moderna con PHP;https://www.udemia.cl/introduccion-a-la-programacion-moderna-con-php/;Todos los niveles; 20.000 ;123; 954 
desarrollador web;1134390;Desarrollador web Complete React JS con ES6 - Build 10 proyectos;https://www.udemia.cl/complete-react-js-course/;Todos los niveles; 200.000 ;75; 952 
desarrollador web;1155262;Curso completo de aplicación de comercio electrónico de Angular 2 - Java, Spring, MySQL;https://www.udemia.cl/build-angular-2-complete-e-comerce-app-java-spring-mysql/;Todos los niveles; 195.000 ;89; 949 
desarrollador web;723878;Bootstrap 4 Principiantes: Codifique una página de destino receptiva;https://www.udemia.cl/bootstrap-4-beginners-code-a-responsive-landing-page/;Todos los niveles; 30.000 ;48; 948 
desarrollador web;603408;Aprende a ser autónomo con personas por hora (URDU);https://www.udemia.cl/aprende-a-trabajar-independiente-con-personas-por-hora-en-30-minutos/;Todos los niveles; 20.000 ;8; 948 
desarrollador web;1016388;Proyectos en ReactJS: el curso completo de aprendizaje de React;https://www.udemia.cl/projects-in-reactjs-the-complete-react-learning-course/;Nivel intermedio; 50.000 ;56; 947 
desarrollador web;939536;Aprenda los conceptos básicos de HTML en 30 minutos;https://www.udemia.cl/learn-basics-of-html/;Nivel intermedio; 20.000 ;11; 945 
desarrollador web;1115064;XML DTD - Curso intensivo para principiantes;https://www.udemia.cl/xml-dtd-crash-course-para-principiantes/;Nivel intermedio; 45.000 ;10; 944 
desarrollador web;736250;Dominando Thymeleaf con Spring;https://www.udemia.cl/mastering-thymeleaf-with-spring/;Nivel principiante; 75.000 ;64; 942 
desarrollador web;899492;Cómo crear un sitio web increíble y un comercio electrónico en 1 hora;https://www.udemia.cl/how-to-create-awesome-websites-and-e-commerce-in-1-hour/;Todos los niveles; 20.000 ;10; 937 
desarrollador web;968304;XQUERY: conceptos básicos para principiantes;https://www.udemia.cl/xquery-basics-para-principiantes/;Todos los niveles; 40.000 ;6; 937 
desarrollador web;19422;Drupal 7 para principiantes;https://www.udemia.cl/drupal-para-principiantes/;Todos los niveles; 35.000 ;37; 926 
desarrollador web;967422;XML DOM: conceptos básicos para principiantes;https://www.udemia.cl/xml-dom-basics-para-principiantes/;Nivel principiante; 35.000 ;7; 920 
desarrollador web;584522;Secretos de audio de voz en off: su camino hacia la mejor calidad de audio;https://www.udemia.cl/professional-audio-recording-processing-for-course-creation/;Todos los niveles; 195.000 ;39; 918 
desarrollador web;984072;Cree sitios web modernos rápidamente con HTML, CSS y Bootstrap;https://www.udemia.cl/construir-sitios-web-modernos-rápido-con-htmlcss-y-bootstrap/;Todos los niveles; 20.000 ;48; 912 
desarrollador web;552594;Cree aplicaciones web completas fácilmente con APEX 5;https://www.udemia.cl/create-web-apps-with-apex-5/;Nivel principiante; 30.000 ;81; 912 
desarrollador web;1251786;Redux en Angular (2 y 4+);https://www.udemia.cl/redux-en-angular/;Nivel intermedio; 70.000 ;13; 909 
desarrollador web;967424;XML DTD: conceptos básicos para principiantes;https://www.udemia.cl/xml-dtd-basics-for-beginners/;Todos los niveles; 35.000 ;7; 903 
desarrollador web;297602;Uso de MODX CMS para crear sitios web: una guía para principiantes;https://www.udemia.cl/using-modx-cms-to-build-websites-a-beginners-guide/;Todos los niveles; 45.000 ;20; 901 
desarrollador web;905850;El Bootcamp completo para desarrolladores web front-end - 14 proyectos;https://www.udemia.cl/complete-front-end-web-developer-bootcamp/;Todos los niveles; 200.000 ;126; 900 
desarrollador web;221920;Una guía para principiantes del marco JavaScript de Meteor;https://www.udemia.cl/meteorjs/;Todos los niveles; 50.000 ;40; 898 
desarrollador web;997750;ASP NET CORE - Aplicación de comercio electrónico ANGULAR 2;https://www.udemia.cl/build-a-full-e-commerce-app-in-aspnet-core-mvc-6/;Todos los niveles; 200.000 ;171; 897 
desarrollador web;326326;Desarrollo de SharePoint 2013 usando C# - Parte I;https://www.udemia.cl/sharepoint2013desarrollo/;Nivel principiante; 50.000 ;119; 891 
desarrollador web;610202;Desarrollo de Wordpress: cree un sitio web personalizado de Wordpress;https://www.udemia.cl/crear-servidor-local-e-instalar-wordpress/;Todos los niveles; 120.000 ;13; 885 
desarrollador web;783686;Byte-Sized-Chunks: prototipos dinámicos en Javascript;https://www.udemia.cl/prototipos-dinámicos-en-javascript/;Nivel principiante; 20.000 ;24; 880 
desarrollador web;968292;XPATH: conceptos básicos para principiantes;https://www.udemia.cl/xpath-basics-para-principiantes/;Nivel principiante; 40.000 ;8; 878 
desarrollador web;968278;XSLT: conceptos básicos para principiantes;https://www.udemia.cl/xslt-basics-for-beginners/;Todos los niveles; 35.000 ;7; 877 
desarrollador web;525114;Creación de visualizaciones de datos con capacidad de respuesta con D3 JS;https://www.udemia.cl/building-responsive-data-visualizations-with-d3js/;Nivel intermedio; 85.000 ;28; 876 
desarrollador web;525034;Pruebas de la aplicación web Kali Linux;https://www.udemia.cl/kali-linux-web-app-testing/;Todos los niveles; 75.000 ;29; 876 
desarrollador web;720356;Proyectos en Node.js - Aprende con el ejemplo;https://www.udemia.cl/proyectos-en-nodejs/;Todos los niveles; 195.000 ;38; 869 
desarrollador web;431576;Construyendo una red social en PHP y MySQL desde cero;https://www.udemia.cl/red-social-en-php-mysql/;Todos los niveles; 50.000 ;78; 869 
desarrollador web;667992;Aprende el framework de Symfony 3 con ejemplos prácticos;https://www.udemia.cl/learn-symfony-3-framework-by-practical-examples/;Nivel principiante; 125.000 ;48; 867 
desarrollador web;828042;SAP - Aprenda SAPUI5 Desarrollo profesional;https://www.udemia.cl/learn-sapui5/;Nivel principiante; 195.000 ;56; 860 
desarrollador web;712960;Angular 4 - Conceptos, Código y Sabiduría Colectiva;https://www.udemia.cl/angular-2-concepts-code-and-collective-wisdom/;Todos los niveles; 50.000 ;75; 851 
desarrollador web;818958;PHP para el desarrollo de WordPress;https://www.udemia.cl/php-for-wordpress-desarrollo/;Todos los niveles; 35.000 ;16; 850 
desarrollador web;978728;Curso reflexivo de desarrollo web: HTML, Vue.js, PHP, MySQL;https://www.udemia.cl/desarrollo-web-html5-css3-php-oop-and-mysql-database/;Nivel principiante; 200.000 ;536; 842 
desarrollador web;680180;Aprenda a crear aplicaciones web con D3JS;https://www.udemia.cl/learn-to-build-web-apps-using-d3js/;Todos los niveles; 40.000 ;29; 841 
desarrollador web;869448;Creación de video HTML5 interactivo;https://www.udemia.cl/creating-interactive-html5-video/;Todos los niveles; 25.000 ;23; 838 
desarrollador web;1226008;Excelente curso de jQuery: conviértase en desarrollador certificado de jQuery;https://www.udemia.cl/superb-jquery-course/;Todos los niveles; 95.000 ;32; 817 
desarrollador web;576054;Desarrollo de WordPress: temas, complementos y aplicaciones de una sola página;https://www.udemia.cl/wordpress-development-create-wordpress-themes-and-plugins/;Nivel principiante; 150.000 ;131; 817 
desarrollador web;1018530;Cakephp:Creando una aplicación CRUD;https://www.udemia.cl/cakephpcreating-a-crud-application/;Todos los niveles; 40.000 ;7; 803 
desarrollador web;1021594;PHP Zend Framework 2: Creación de una aplicación CRUD;https://www.udemia.cl/zend-framework-2creating-a-crud-application/;Nivel principiante; 40.000 ;9; 802 
desarrollador web;832478;JSON con API de Java, jQuery y JSON REST Web Services;https://www.udemia.cl/aprender-json-con-java-apis-jquery-and-rest/;Nivel principiante; 95.000 ;41; 799 
desarrollador web;935014;Pruebas web simplificadas entre navegadores mediante VirtualBox;https://www.udemia.cl/cross-browser-web-testing-virtualbox/;Nivel principiante; 20.000 ;18; 796 
desarrollador web;910838;El tutorial completo de desarrollo web usando React y Redux;https://www.udemia.cl/el-tutorial-completo-de-desarrollo-web-usando-react-and-redux/;Nivel principiante; 40.000 ;29; 796 
desarrollador web;690966;Aprenda Azure Cloud paso a paso;https://www.udemia.cl/marutiazure/;Nivel principiante; 20.000 ;24; 791 
desarrollador web;145812;HTML PARA PRINCIPIANTES;https://www.udemia.cl/html-5-para-principiantes/;Todos los niveles; 20.000 ;16; 791 
desarrollador web;113888;Escribiendo CSS con {LESS} - Tutorial de Infinite Skills;https://www.udemia.cl/escritura-css-con-menos-tutorial-de-infinite-skills/;Todos los niveles; 50.000 ;25; 788 
desarrollador web;958982;JavaScript: genialidad de JavaScript;https://www.udemia.cl/javascript-javascript/;Nivel principiante; 25.000 ;25; 785 
desarrollador web;913966;HTML: Guía para principiantes de escritura HTML;https://www.udemia.cl/html-guia-principiante/;Todos los niveles; 20.000 ;13; 783 
desarrollador web;1243474;Último diseño de formularios Css y JQuery de principiante a experto;https://www.udemia.cl/ultimate-css-web-form-designing-from-beginner-to-expert/;Nivel principiante; 115.000 ;13; 783 
desarrollador web;862478;Cree su Startup sin codificación (diseñe, desarrolle y envíe);https://www.udemia.cl/buildastartup/;Nivel principiante; 30.000 ;82; 775 
desarrollador web;152244;Diseño Web Responsivo con HTML5 y CSS3 - Introducción;https://www.udemia.cl/diseño-web-responsivo-con-introducción-html5-y-css3/;Nivel principiante; 35.000 ;84; 770 
desarrollador web;969348;AppML: conceptos básicos para principiantes;https://www.udemia.cl/appml-basics-para-principiantes/;Nivel principiante; 30.000 ;8; 770 
desarrollador web;909244;Docker para desarrolladores - Versión más reciente 1.12 con modo Swarm;https://www.udemia.cl/docker-para-desarrolladores/;Nivel principiante; 95.000 ;81; 767 
desarrollador web;971022;ASP: conceptos básicos para principiantes;https://www.udemia.cl/asp-basics-para-principiantes/;Todos los niveles; 35.000 ;8; 764 
desarrollador web;691760;Ajax para principiantes: una introducción muy básica;https://www.udemia.cl/ajax-for-beginners-a-very-basic-introduction/;Nivel intermedio; 65.000 ;18; 755 
desarrollador web;969170;XSD: conceptos básicos para principiantes;https://www.udemia.cl/xsd-basics-for-beginners/;Todos los niveles; 35.000 ;7; 755 
desarrollador web;661878;Aprende a construir aplicaciones web usando Laravel Framework;https://www.udemia.cl/aprender-a-crear-aplicaciones-web-usando-laravel-framework/;Todos los niveles; 30.000 ;39; 746 
desarrollador web;599628;Cómo administrar tu propio VPS y crear sitios web;https://www.udemia.cl/manage-vps/;Nivel principiante; 120.000 ;30; 735 
desarrollador web;1252318;El curso completo de HTML y CSS para principiantes;https://www.udemia.cl/el-curso-completo-html-y-css-para-principiantes/;Todos los niveles; 85.000 ;50; 733 
desarrollador web;631754;Zend Framework 2: Aprende el framework PHP ZF2 desde cero;https://www.udemia.cl/zend-framework-2-from-beginner-to-professional/;Todos los niveles; 40.000 ;37; 723 
desarrollador web;563880;Aplicación de una sola página de MVC 5 usando AngularJS;https://www.udemia.cl/maruti-spa-angularjs/;Todos los niveles; 20.000 ;18; 722 
desarrollador web;956888;Conceptos básicos de Tumult Hype Pro: animaciones HTML5 simplificadas;https://www.udemia.cl/tumult-hype-pro-basics-html5-animations-made-easier/;Todos los niveles; 50.000 ;57; 716 
desarrollador web;352774;Servicios RESTful con ASP.NET Web API;https://www.udemia.cl/restful-services-with-aspnet-web-api/;Todos los niveles; 85.000 ;34; 716 
desarrollador web;1005610;En funcionamiento con Phalcon;https://www.udemia.cl/up-and-running-with-phalcon-php/;Nivel intermedio; 20.000 ;12; 715 
desarrollador web;366608;Creación de aplicaciones web con Spring MVC;https://www.udemia.cl/construyendo-aplicaciones-web-con-spring-mvc/;Todos los niveles; 85.000 ;28; 714 
desarrollador web;959200;JavaScript para principiantes absolutos - Nivel uno;https://www.udemia.cl/javascript-for-absolute-beginners-level-one/;Todos los niveles; 65.000 ;8; 713 
desarrollador web;1128560;JavaScript: conviértase en un desarrollador front-end altamente remunerado;https://www.udemia.cl/javascript-become-highly-paid-front-end-developer/;Todos los niveles; 105.000 ;49; 710 
desarrollador web;511942;Master EmberJS: aprende Ember JS desde cero;https://www.udemia.cl/master-emberjs/;Nivel principiante; 120.000 ;103; 707 
desarrollador web;825752;Angular 2 - Marco superheroico;https://www.udemia.cl/marutiangular2/;Nivel principiante; 20.000 ;30; 702 
desarrollador web;602218;Dominar JavaScript;https://www.udemia.cl/masterización-javascript/;Todos los niveles; 95.000 ;39; 694 
desarrollador web;738552;Construyendo un sitio web con Jekyll;https://www.udemia.cl/construyendo-un-sitio-web-con-jekyll/;Todos los niveles; 20.000 ;21; 686 
desarrollador web;756050;Web Scraping profesional con Java;https://www.udemia.cl/aprende-web-scraping-con-java-en-solo-1-hora/;Todos los niveles; 50.000 ;14; 685 
desarrollador web;1064104;Laravel, la guía completa con proyectos del mundo real;https://www.udemia.cl/mejor-laravel/;Todos los niveles; 200.000 ;125; 676 
desarrollador web;641236;JavaScript básico: Cree 4 proyectos básicos de JavaScript;https://www.udemia.cl/practical-javascript-javascript-basics/;Nivel principiante; 40.000 ;37; 670 
desarrollador web;422012;Consulta de Microsoft SQL Server 2012 - (Examen No. 70-461);https://www.udemia.cl/querying-sql-server-2012-70-461/;Todos los niveles; 85.000 ;115; 666 
desarrollador web;904890;React para estudiantes visuales;https://www.udemia.cl/react-for-visual-learners/;Nivel principiante; 20.000 ;26; 659 
desarrollador web;1109150;API RESTful con Laravel 5.4: Guía Definitiva;https://www.udemia.cl/restful-api-with-laravel-php-homestead-passport-hateoas/;Todos los niveles; 145.000 ;195; 655 
desarrollador web;826366;Creación de un sitio web de membresía ASP.NET MVC 5;https://www.udemia.cl/construyendo-un-sitio-web-de-miembros-de-mvc-5/;Nivel principiante; 95.000 ;239; 654 
desarrollador web;1075570;Curso Perfect React JS - Comprender los detalles relevantes;https://www.udemia.cl/perfect-react-js-course/;Nivel principiante; 200.000 ;25; 653 
desarrollador web;572270;Aplicación web Angularjs-WebApi2-EFCodeFirst en arquitectura de 3 niveles;https://www.udemia.cl/angularjs-webapi2-efcodefirst-web-app-on-3-tier-architecture/;Nivel principiante; 60.000 ;46; 652 
desarrollador web;661780;Promesas de JavaScript: Aplicaciones en ES6 y AngularJS;https://www.udemia.cl/javascript-promises-applications-in-es6-and-angularjs/;Nivel principiante; 75.000 ;20; 651 
desarrollador web;592352;Desarrollo supercargado con Atom Text Editor;https://www.udemia.cl/atom-text-editor/;Todos los niveles; 20.000 ;28; 644 
desarrollador web;564268;Proyectos en Foundation Framework - Aprende construyendo 10 aplicaciones;https://www.udemia.cl/foundation-framework-course/;Todos los niveles; 50.000 ;54; 636 
desarrollador web;996320;Sitio web de carrito de compras desde cero Ecommerce;https://www.udemia.cl/shopping-cart/;Nivel principiante; 200.000 ;54; 633 
desarrollador web;637840;Aprenda Knockout JS Framework desde GroundUp;https://www.udemia.cl/learn-knockout-js-framework-from-groundup/;Todos los niveles; 40.000 ;31; 633 
desarrollador web;468726;Aprendizaje Axure RP;https://www.udemia.cl/aprendizaje-axure-rp/;Nivel principiante; 75.000 ;65; 631 
desarrollador web;947120;Fundamentos de HTML5, CSS3 y JavaScript 2016;https://www.udemia.cl/html5-css3-and-javascript-fundamentals-2016/;Todos los niveles; 115.000 ;7; 627 
desarrollador web;684794;Cree aplicaciones web con EmberJS: el curso completo;https://www.udemia.cl/build-web-apps-using-emberjs-the-complete-course/;Todos los niveles; 40.000 ;31; 627 
desarrollador web;442580;Maestro ASP. NET 4 desde cero;https://www.udemia.cl/masteraspnet/;Nivel principiante; 50.000 ;116; 613 
desarrollador web;986442;Tutorial de JavaScript;https://www.udemia.cl/lets-learn-javascript-by-coding/;Todos los niveles; 180.000 ;37; 613 
desarrollador web;352748;Primeros pasos con Magento;https://www.udemia.cl/empezando-con-magento/;Todos los niveles; 85.000 ;48; 608 
desarrollador web;496006;Aprenda Laravel: cree su aplicación web paso a paso;https://www.udemia.cl/laravel-5-course-learn-php-laravel/;Todos los niveles; 45.000 ;35; 604 
desarrollador web;1127048;ASP.NET C#: sistemas web empresariales de principiante a experto;https://www.udemia.cl/aspnet-c-enterprise-web-systems-from-novice-to-expert/;Nivel principiante; 20.000 ;43; 604 
desarrollador web;1047968;Vue JS 2: de principiante a profesional;https://www.udemia.cl/vuejs-from-beginner-to-professional/;Nivel principiante; 145.000 ;214; 602 
desarrollador web;859446;Desarrollo multiplataforma con ASP.NET Core 1.0 MVC;https://www.udemia.cl/crossplatformaspnetcoremvc/;Todos los niveles; 35.000 ;64; 601 
desarrollador web;1016650;PHP CodeIgniter:Conceptos CRUD en MVC;https://www.udemia.cl/codeignitercrud-conceptos-en-mvc/;Nivel intermedio; 40.000 ;6; 601 
desarrollador web;1142202;Domine Angular 4 con el ejemplo: ¡construya 7 aplicaciones increíbles!;https://www.udemia.cl/learn-angular-4/;Nivel principiante; 195.000 ;84; 596 
desarrollador web;665686;Cree un formulario de suscripción al boletín con PHP/AJAX en 40 minutos;https://www.udemia.cl/php-ajax-form-with-validation-email-ip-tracking-in-40-minutes/;Todos los niveles; 50.000 ;17; 586 
desarrollador web;425084;Administración de bases de datos de Microsoft SQL Server 2012 - 70-462;https://www.udemia.cl/administración-de-microsoft-sql-server-2012-databases-70-462/;Todos los niveles; 60.000 ;98; 586 
desarrollador web;1075662;Aprendizaje de Docker y Kubernetes por laboratorio;https://www.udemia.cl/learning-docker-and-k8s-by-practice/;Nivel principiante; 30.000 ;56; 586 
desarrollador web;1056848;Joomla para principiantes: aprenda a crear un sitio web con CMS;https://www.udemia.cl/joomla-for-beginners-build-a-website-with-joomla-cms/;Nivel principiante; 95.000 ;35; 583 
desarrollador web;990532;Advance Unix: Procesamiento de archivos: AWK | DEE | GREP | CORTE | EMPUJE;https://www.udemia.cl/advance-unix-commands/;Nivel principiante; 75.000 ;84; 578 
desarrollador web;1035940;Diseño profesional de API RESTful con Python Flask;https://www.udemia.cl/restful-api-flask-course/;Todos los niveles; 120.000 ;36; 578 
desarrollador web;1007766;Cómo crear botones de pago de Paypal y tarjeta de crédito;https://www.udemia.cl/how-to-create-paypal-and-credit-card-payment-buttons/;Nivel principiante; 65.000 ;8; 578 
desarrollador web;846412;Aprendiendo Drupal 8;https://www.udemia.cl/aprendizaje-drupal-8/;Nivel principiante; 50.000 ;101; 577 
desarrollador web;1009166;Aprendiendo PHP construyendo un sitio web;https://www.udemia.cl/lerning-php-by-building-website/;Todos los niveles; 185.000 ;34; 567 
desarrollador web;929016;HTML y HTML5 para principiantes 2016;https://www.udemia.cl/html-and-html5-for-beginners-2016/;Nivel principiante; 200.000 ;32; 563 
desarrollador web;1055322;Aprenda Laravel PHP Framework Construyendo Multiusuario SEO Blog APLICACIÓN;https://www.udemia.cl/learn-laravel-php-framework-building-multi-user-seo-blog-app/;Todos los niveles; 100.000 ;133; 557 
desarrollador web;455680;Cree un sitio de membresía con lista de miembros y Wordpress;https://www.udemia.cl/create-a-membership-site-with-wishlist-member/;Nivel principiante; 95.000 ;28; 557 
desarrollador web;679992;Creación de mejores API con GraphQL;https://www.udemia.cl/construyendo-mejor-apis-con-graphql/;Nivel principiante; 50.000 ;16; 555 
desarrollador web;899534;Aprende Redis desde cero;https://www.udemia.cl/learn-redis-from-scratch/;Todos los niveles; 40.000 ;31; 553 
desarrollador web;1052518;Domina el arte del diseño web con HTML y CSS;https://www.udemia.cl/html-css-beginners/;Nivel principiante; 145.000 ;59; 550 
desarrollador web;1035923;Proyecto ASP.NET MVC 5 - CMS y carrito de compras con Paypal;https://www.udemia.cl/aspnet-mvc-5-project-cms-and-shopping-cart-with-paypal/;Todos los niveles; 30.000 ;70; 550 
desarrollador web;592594;Programación 3D con WebGL y Babylon.js para principiantes;https://www.udemia.cl/webgl-tutorial/;Nivel principiante; 200.000 ;18; 549 
desarrollador web;986742;Aprenda OAuth 2.0: teoría y práctica;https://www.udemia.cl/learn-oauth-20-theory-and-hands-on/;Nivel principiante; 145.000 ;21; 546 
desarrollador web;1176460;Cree la aplicación de chat Ajax con PHP y Mysql;https://www.udemia.cl/create-ajax-chat-app-with-php-mysql/;Nivel principiante; 45.000 ;19; 540 
desarrollador web;667744;Convierta sitios web HTML en PHP: aprenda haciendo en 40 minutos;https://www.udemia.cl/convert-static-websites-from-html-to-php-for-web-designers/;Nivel principiante; 50.000 ;15; 540 
desarrollador web;1072248;El curso de desarrollo web todo en uno;https://www.udemia.cl/el-curso-de-desarrollo-web-todo-en-uno/;Nivel principiante; 85.000 ;113; 538 
desarrollador web;924216;Django para principiantes;https://www.udemia.cl/django-para-principiantes/;Nivel principiante; 175.000 ;51; 534 
desarrollador web;421018;Aprendizaje de JavaScript orientado a objetos;https://www.udemia.cl/aprendizaje-orientado-a-objetos-javascript/;Todos los niveles; 75.000 ;23; 533 
desarrollador web;344224;Seguridad de Java Spring;https://www.udemia.cl/how-to-use-spring-security-to-secure-your-java-applications/;Todos los niveles; 40.000 ;11; 527 
desarrollador web;928040;Aprenda Spring Framework de forma práctica - Recetas prácticas;https://www.udemia.cl/learn-spring-framework-practically-hands-on-recipies/;Nivel principiante; 145.000 ;48; 522 
desarrollador web;635248;Aprende y Construye usando Polymer;https://www.udemia.cl/aprender-y-construir-utilizando-polimero/;Nivel Experto; 40.000 ;48; 513 
desarrollador web;1022682;PHP Laravel 5: Creación de una aplicación CRUD;https://www.udemia.cl/laravel-5creating-a-crud-application/;Nivel Experto; 45.000 ;7; 511 
desarrollador web;964732;Desarrollo web moderno con SASS, Gulp, NPM y flujos de trabajo web;https://www.udemia.cl/desarrollo-web-moderno-con-sass-gulp-npm-web-workflows/;Nivel intermedio; 95.000 ;59; 502 
desarrollador web;330900;Aprenda Grunt con ejemplos: automatice su flujo de trabajo front-end;https://www.udemia.cl/learn-grunt-automatice-your-front-end-workflow/;Nivel principiante; 20.000 ;17; 496 
desarrollador web;693726;Mastering Meteor: JavaScript reactivo de pila completa;https://www.udemia.cl/mastering-meteor-reactive-full-stack-javascript/;Todos los niveles; 95.000 ;37; 494 
desarrollador web;923146;Especialista en CSS: Capacitación integral en CSS;https://www.udemia.cl/css-specialist-comprehensive-css-training/;Todos los niveles; 100.000 ;52; 487 
desarrollador web;1111844;Cree una aplicación de una sola página con jQuery y AJAX;https://www.udemia.cl/jquery-ajax/;Todos los niveles; 60.000 ;27; 486 
desarrollador web;461176;Cree una página única avanzada con Bootstrap y WordPress;https://www.udemia.cl/diseño-de-una-página-única-con-bootstrap-css-html5-js-parallax/;Todos los niveles; 95.000 ;77; 481 
desarrollador web;934570;Copia de seguridad y restauración de WordPress;https://www.udemia.cl/wordpress-backup-restore/;Nivel principiante; 95.000 ;18; 478 
desarrollador web;1012096;Conviértase en un desarrollador web de pila completa en 14 días;https://www.udemia.cl/become-a-full-stack-web-developer-in-14-days/;Todos los niveles; 195.000 ;126; 467 
desarrollador web;1182108;Symfony 3: crea una aplicación PHP con Symfony;https://www.udemia.cl/learn-symfony/;Todos los niveles; 20.000 ;25; 466 
desarrollador web;601260;Dominar el desarrollo de la interfaz de usuario de AngularJS;https://www.udemia.cl/masterización-angularjs-ui-desarrollo/;Todos los niveles; 95.000 ;22; 464 
desarrollador web;402508;Desarrollo de sitios web sin código con Adobe Muse;https://www.udemia.cl/codeless-website-desarrollo-con-adobe-muse/;Todos los niveles; 50.000 ;46; 461 
desarrollador web;525818;JavaScript de alto rendimiento;https://www.udemia.cl/javascript-alto-rendimiento/;Nivel principiante; 95.000 ;40; 458 
desarrollador web;990284;Advance Unix: Procesamiento de archivos: AWK | GREP | EMPUJE;https://www.udemia.cl/advance-unix-file-processing/;Todos los niveles; 20.000 ;12; 458 
desarrollador web;821788;Fundamentos de Angular 2 para desarrolladores web;https://www.udemia.cl/angular-2-fundamentals-for-web-developers/;Nivel principiante; 40.000 ;41; 450 
desarrollador web;709324;Aprende Desarrollo Web Creando una Red Social;https://www.udemia.cl/meteor-tutorial/;Nivel principiante; 200.000 ;80; 442 
desarrollador web;667122;Cree un programa de descarga de archivos con Visual Studio 2015 y C#;https://www.udemia.cl/csharpyahoostockdownloader/;Todos los niveles; 20.000 ;22; 436 
desarrollador web;851560;Aprenda a crear aplicaciones usando Play Framework;https://www.udemia.cl/learn-to-build-apps-using-play-framework/;Todos los niveles; 40.000 ;23; 434 
desarrollador web;1140232;Devtools 2017: De principiante a experto con herramientas para desarrolladores de Chrome;https://www.udemia.cl/master-google-chrome-desarrollador-herramientas/;Nivel intermedio; 125.000 ;39; 430 
desarrollador web;1115126;XML XSLT - Curso intensivo para principiantes;https://www.udemia.cl/xml-xslt-crash-course-para-principiantes/;Todos los niveles; 45.000 ;9; 426 
desarrollador web;1115132;XML XQuery - Curso intensivo para principiantes;https://www.udemia.cl/xml-xquery-crash-course-para-principiantes/;Todos los niveles; 45.000 ;10; 426 
desarrollador web;963378;JavaScript para principiantes absolutos: nivel dos;https://www.udemia.cl/javascript-for-absolute-beginners-level-two/;Todos los niveles; 30.000 ;9; 424 
desarrollador web;591116;Master Typescript: Aprende Typescript desde cero;https://www.udemia.cl/master-typescript/;Todos los niveles; 95.000 ;60; 424 
desarrollador web;835346;jQuery UI Ultimate:Diseñe increíbles interfaces usando jQuery UI;https://www.udemia.cl/jquery-ui-ultimatedesign-amazing-interfaces-using-jquery-ui/;Nivel principiante; 145.000 ;69; 422 
desarrollador web;1205894;Cree una aplicación MEAN con el ejemplo - Curso Full Stack;https://www.udemia.cl/full-stack-course-mean-app/;Todos los niveles; 50.000 ;33; 421 
desarrollador web;994634;Dominar ASP.NET MVC 5 desde cero usando C#;https://www.udemia.cl/masteringaspnetmvc5/;Nivel intermedio; 50.000 ;109; 417 
desarrollador web;676554;Domine WCF 4.0 desde cero usando C#;https://www.udemia.cl/masterwcf/;Nivel principiante; 50.000 ;53; 415 
desarrollador web;1112604;Especialista en JavaScript;https://www.udemia.cl/javascript-specialist/;Todos los niveles; 200.000 ;80; 408 
desarrollador web;877036;Sara aprende a codificar. Hacer una aplicación desde cero;https://www.udemia.cl/sara-learns-to-code-making-an-app-from-scratch/;Todos los niveles; 60.000 ;35; 402 
desarrollador web;772224;Caja flexible CSS profesional;https://www.udemia.cl/css-flexbox/;Nivel principiante; 35.000 ;21; 396 
desarrollador web;1115128;XML DOM - Curso intensivo para principiantes;https://www.udemia.cl/xml-dom-crash-course-para-principiantes/;Nivel principiante; 45.000 ;8; 396 
desarrollador web;655298;Aprenda la arquitectura Flux de Facebook para aplicaciones web;https://www.udemia.cl/learn-facebook-flux-architecture-for-web-applications/;Nivel principiante; 40.000 ;36; 395 
desarrollador web;1038786;JavaScript de principiante a avanzado;https://www.udemia.cl/javascript-desde-principiante-a-avanzado/;Todos los niveles; 195.000 ;57; 395 
desarrollador web;755932;Presentamos Ionic 2;https://www.udemia.cl/introducing-ionic-2/;Nivel intermedio; 50.000 ;22; 394 
desarrollador web;1036028;Cree un clon de Wordpress CMS con Laravel 5;https://www.udemia.cl/build-blog-cms-with-laravel-5/;Todos los niveles; 150.000 ;63; 392 
desarrollador web;1183094;ASP.NET Core MVC, rápido y práctico;https://www.udemia.cl/aspnet-core-mvc-quick-and-practical/;Todos los niveles; 20.000 ;30; 387 
desarrollador web;642940;Cree un descargador de YouTube con C# y GitHub;https://www.udemia.cl/youtubedownloader/;Nivel intermedio; 20.000 ;32; 385 
desarrollador web;865438;jQuery UI en acción: crea 5 proyectos de jQuery UI;https://www.udemia.cl/jquery-ui-practical-build-jquery-ui-projects/;Nivel principiante; 150.000 ;140; 382 
desarrollador web;1085064;¡Hagamos JavaScript! codificar una calculadora;https://www.udemia.cl/lets-javascript-beginners-coding-projects/;Nivel principiante; 35.000 ;30; 380 
desarrollador web;770526;Envío de correo electrónico con PHP: de básico a avanzado;https://www.udemia.cl/php-email/;Nivel principiante; 40.000 ;45; 379 
desarrollador web;1030774;Domina todas las ideas de PHP 2017 para construir cualquier proyecto;https://www.udemia.cl/master-all-php-ideas-2017-to-build-any-project/;Todos los niveles; 50.000 ;49; 376 
desarrollador web;1036170;Laravel: aplicación CRUD usando AJAX en Laravel 5.3;https://www.udemia.cl/laravel-53-crud-aplicacion-con-ajax/;Nivel principiante; 20.000 ;8; 362 
desarrollador web;1031780;Listo para la producción con actuador Spring Boot;https://www.udemia.cl/ready-for-production-with-spring-boot-actuator/;Nivel Experto; 55.000 ;49; 361 
desarrollador web;656522;Fundamentos de Ruby on Rails;https://www.udemia.cl/how-to-learn-ruby-on-rails/;Todos los niveles; 20.000 ;73; 359 
desarrollador web;1159822;Dominar Unix: Comandos AWK;https://www.udemia.cl/mastering-unix-commands/;Nivel principiante; 20.000 ;23; 358 
desarrollador web;708514;Dominar mecanografiado;https://www.udemia.cl/mastering-typescript/;Nivel principiante; 95.000 ;41; 353 
desarrollador web;1210652;HTML5 y CSS3: aprende diseño web con HTML + CSS + Bootstrap;https://www.udemia.cl/html-css-bootstrap-construya-su-primer-sitio-web-hoy/;Todos los niveles; 200.000 ;74; 346 
desarrollador web;551072;Crea sitios web desde cero con Squarespace;https://www.udemia.cl/crear-sitios-web-desde-cero-con-squarespace/;Todos los niveles; 50.000 ;60; 342 
desarrollador web;845794;JavaScript avanzado para codificadores: Aprenda programación orientada a objetos en JavaScript;https://www.udemia.cl/advance-javascript-for-coders-learn-oop-in-javascript/;Nivel intermedio; 40.000 ;54; 334 
desarrollador web;1093608;El curso de desarrollo web más completo;https://www.udemia.cl/curso-comprensivo-para-desarrolladores-web/;Todos los niveles; 200.000 ;333; 333 
desarrollador web;551962;Aprenda HTML en 59 minutos: su introducción al desarrollo front-end;https://www.udemia.cl/aprender-html-en-59-minutos/;Nivel principiante; 35.000 ;14; 333 
desarrollador web;975916;17 Proyectos JavaScript completos explicados paso a paso;https://www.udemia.cl/17-proyectos-javascript-completos-explicados-paso-a-paso/;Todos los niveles; 185.000 ;106; 327 
desarrollador web;672090;Aprenda a crear aplicaciones web con UnderscoreJS: Codifique como un profesional;https://www.udemia.cl/learn-to-build-web-apps-using-underscorejs-code-like-a-pro/;Nivel principiante; 40.000 ;27; 325 
desarrollador web;884988;Cree un sistema completo de registro e inicio de sesión con PHP MVC;https://www.udemia.cl/php-mvc-login/;Nivel intermedio; 80.000 ;106; 325 
desarrollador web;910624;Cree un sitio web estático gratuito, rápido y seguro;https://www.udemia.cl/create-free-fast-and-secure-static-website/;Todos los niveles; 50.000 ;9; 322 
desarrollador web;826568;Fundamentos del diseño de pila completa de Angular 2;https://www.udemia.cl/fundamentos-de-angular-2-full-stack-design/;Nivel principiante; 95.000 ;49; 314 
desarrollador web;1088178;Cómo diseñar un sitio web de WordPress sin codificación en absoluto;https://www.udemia.cl/how-to-make-a-wordpress-website-course-/;Todos los niveles; 25.000 ;42; 306 
desarrollador web;520870;Personalización del tema de WordPress 101 (para principiantes);https://www.udemia.cl/wordpress-theme-customization-101-for-beginners/;Todos los niveles; 40.000 ;9; 305 
desarrollador web;774648;Aprenda la autenticación con ASP.NET Identity Security 2017;https://www.udemia.cl/learn-authentication-with-aspnet-identity-security-2016/;Todos los niveles; 50.000 ;13; 305 
desarrollador web;866384;Temas avanzados de WordPress: tipos de publicaciones, taxonomías y metaboxes;https://www.udemia.cl/advanced-wordpress-topics-post-types-taxonomies-metaboxes/;Todos los niveles; 95.000 ;91; 301 
desarrollador web;1089652;Desarrollo de aplicaciones web con Redis, Express y Socket;https://www.udemia.cl/desarrollo-de-aplicaciones-web-usando-redis-express-and-socket/;Todos los niveles; 200.000 ;66; 300 
desarrollador web;905096;Animaciones CSS: cree efectos asombrosos en su sitio web;https://www.udemia.cl/css-animations-create-amazing-effects-on-your-website/;Todos los niveles; 50.000 ;38; 300 
desarrollador web;806536;Master Riot: aprende Riot.js desde cero;https://www.udemia.cl/master-riot/;Todos los niveles; 125.000 ;34; 299 
desarrollador web;687642;Creación de temas personalizados para WordPress usando HTML5 y CSS3;https://www.udemia.cl/creación-de-temas-personalizados-para-wordpress/;Todos los niveles; 35.000 ;24; 298 
desarrollador web;1107986;Creación de visualizaciones de datos con D3 y Angular 2;https://www.udemia.cl/construyendo-visualizaciones-de-datos-con-d3-y-angular-2/;Todos los niveles; 125.000 ;31; 293 
desarrollador web;966794;Desarrollo de WordPress con NodeJS, Gulp, Composer y más;https://www.udemia.cl/wordpress-desarrollo-con-nodejs-gulpjs-composer-sass-more/;Todos los niveles; 25.000 ;30; 289 
desarrollador web;919354;Aprenda Bootstrap 4 El marco HTML5 CSS3 y JS más popular;https://www.udemia.cl/learn-bootstrap-4-the-most-popular-html5-css3-js-framework/;Todos los niveles; 200.000 ;119; 279 
desarrollador web;1031620;Aprenda Laravel con migración de base de datos, siembra y falsificación;https://www.udemia.cl/laravel-53-migra-migration-seeding-faker-tinker/;Todos los niveles; 20.000 ;7; 263 
desarrollador web;1002210;Marco popular de JavaScript: Aprenda el lenguaje de Angular 2;https://www.udemia.cl/popular-javascript-frameworklearn-the-language-of-angular-2/;Todos los niveles; 200.000 ;64; 260 
desarrollador web;982328;Cómo construir un sistema de autocompletar como Google;https://www.udemia.cl/how-to-build-an-autocomplete-system-using-javascript-and-php/;Nivel principiante; 30.000 ;9; 255 
desarrollador web;1012040;Bootstrap Bootcamp - Desarrollo web responsivo - 8 proyectos;https://www.udemia.cl/bootstrap-bootcamp-with-projects/;Nivel principiante; 100.000 ;45; 253 
desarrollador web;1037666;Webpack 1 y 2: la guía completa;https://www.udemia.cl/webpack-guia-completa/;Nivel intermedio; 40.000 ;79; 252 
desarrollador web;1024844;Cree una aplicación web con VueJS, Spring Framework y MongoDB;https://www.udemia.cl/build-a-message-board-app-with-vue-spring-and-mongodb/;Nivel principiante; 145.000 ;25; 251 
desarrollador web;469678;Wordpress en AWS: la manera fácil de AWS para alojamiento rápido y gratuito;https://www.udemia.cl/wordpress-on-aws-the-easy-way-to-aws-for-free-fast-hosting-amazon/;Todos los niveles; 40.000 ;36; 245 
desarrollador web;1270392;El tutorial completo de JavaScript, HTML y CSS para principiantes;https://www.udemia.cl/the-complete-javascript-html-and-css-tutorial-for-beginners/;Nivel principiante; 35.000 ;21; 244 
desarrollador web;1008246;Tienda de comercio electrónico moderna en php y mysqli con Bootstrap;https://www.udemia.cl/tienda-de-comercio-electrónico-moderno-en-php-mysqli-con-bootstrap/;Todos los niveles; 50.000 ;210; 240 
desarrollador web;897314;Clientes HTTP con Laravel: Usar y Consumir Servicios y APIs;https://www.udemia.cl/http-clientes-con-laravel-usar-y-consumir-servicios-y-apis/;Nivel principiante; 65.000 ;52; 237 
desarrollador web;980114;La guía completa de programación de TypeScript para desarrolladores web;https://www.udemia.cl/typescript-programming/;Todos los niveles; 40.000 ;35; 236 
desarrollador web;1204590;Clase magistral avanzada de Angular y libro electrónico GRATIS;https://www.udemia.cl/angular-advanced-masterclass/;Nivel principiante; 150.000 ;72; 228 
desarrollador web;973932;Aprenda Spring Security 4 Intermedio - Manos a la obra;https://www.udemia.cl/learn-spring-security-4-intermediate-hands-on/;Todos los niveles; 95.000 ;20; 227 
desarrollador web;1039596;Cree sitios Express complejos con Redis y Socket IO;https://www.udemia.cl/build-complex-express-sites-with-redis-and-socket-io/;Nivel Experto; 125.000 ;27; 223 
desarrollador web;1009236;Desarrollo Web Con Google Maps;https://www.udemia.cl/desarrollowebcongooglemaps/;Todos los niveles; 50.000 ;60; 222 
desarrollador web;961508;Aprenda los conceptos básicos de Spring Security 4 - Manos a la obra;https://www.udemia.cl/learn-spring-security-4-basics-hands-on/;Nivel intermedio; 95.000 ;16; 216 
desarrollador web;858762;Aplicación de comercio electrónico Rails con plantilla HTML de Themeforest;https://www.udemia.cl/rails-ecommerce-app-with-html-template-from-themeforest/;Nivel principiante; 25.000 ;24; 214 
desarrollador web;1097778;Proyecto ASP.NET MVC 5 - Clon de Facebook;https://www.udemia.cl/aspnet-mvc-5-project-facebook-clone/;Todos los niveles; 30.000 ;41; 210 
desarrollador web;873824;Creación de mapas web personalizados;https://www.udemia.cl/creación-de-mapas-web-personalizados/;Todos los niveles; 50.000 ;29; 208 
desarrollador web;961996;Aprenda Reactivex desde cero;https://www.udemia.cl/learn-reactivex-from-ground-up/;Nivel principiante; 40.000 ;32; 207 
desarrollador web;1004008;Introducción a la programación web para aplicaciones SIG;https://www.udemia.cl/introduction-to-web-programming-for-gis-applications/;Nivel principiante; 100.000 ;97; 205 
desarrollador web;628356;Aprenda animación web de forma fácil: una introducción a SVG y GSAP;https://www.udemia.cl/learn-web-animation-with-svg-and-gsap/;Nivel principiante; 50.000 ;15; 203 
desarrollador web;1038538;Introducción a la programación Python de QGIS;https://www.udemia.cl/introduction-to-qgis-python-programming/;Todos los niveles; 85.000 ;28; 197 
desarrollador web;1158836;Especialista PHP (Edición 2017);https://www.udemia.cl/php-especialista-2017/;Nivel principiante; 100.000 ;53; 197 
desarrollador web;954710;Campo de entrenamiento HTML/CSS;https://www.udemia.cl/html-css-código-bootcamp/;Todos los niveles; 40.000 ;87; 194 
desarrollador web;1160196;Flexbox: la guía completa;https://www.udemia.cl/flexbox-la-guia-completa/;Nivel principiante; 35.000 ;16; 189 
desarrollador web;1063430;Cómo crear temas de WordPress: una guía para diseñadores web;https://www.udemia.cl/how-to-build-wordpress-themes/;Nivel principiante; 165.000 ;47; 183 
desarrollador web;921560;Gratis: implemente rápidamente Spring Boot en Heroku con MySQL;https://www.udemia.cl/learn-quickly-deploying-spring-boot-app-on-heroku-with-mysql/;Todos los niveles; 95.000 ;10; 177 
desarrollador web;1071060;Django por ejemplo;https://www.udemia.cl/django-por-ejemplo/;Todos los niveles; 125.000 ;78; 170 
desarrollador web;873844;Creación de aplicaciones web con Flask y Neo4j;https://www.udemia.cl/construcción-de-aplicaciones-web-usando-flask-and-neo4j/;Todos los niveles; 50.000 ;37; 166 
desarrollador web;1163894;Cree un sitio web integrado con Chatbot usando Bootstrap 4;https://www.udemia.cl/build-a-chatbot-integrated-website-using-bootstrap-4/;Nivel principiante; 50.000 ;28; 165 
desarrollador web;1225030;Ruta de aprendizaje: Magento: Domine y pruebe Magento 2 con facilidad;https://www.udemia.cl/learning-path-magento-master-and-test-magento-2-with-ease/;Nivel intermedio; 200.000 ;37; 155 
desarrollador web;735796;Orientación a objetos en PHP;https://www.udemia.cl/orientación-a-objetos/;Todos los niveles; 20.000 ;30; 151 
desarrollador web;598970;Novedades de Bootstrap 4;https://www.udemia.cl/bootstrap4/;Todos los niveles; 20.000 ;20; 130 
desarrollador web;1076424;La guía definitiva de los mejores complementos de WordPress Parte 1;https://www.udemia.cl/wordpress-plugins-a-guide-on-the-best-plugins-part-1/;Nivel principiante; 50.000 ;116; 122 
desarrollador web;1250824;Proyectos en Laravel: Aprende Laravel Construyendo 10 Proyectos;https://www.udemia.cl/proyectos-en-laravel-learn-laravel-building-10-projects/;Nivel principiante; 50.000 ;70; 119 
desarrollador web;1013380;Aprenda a crear una aplicación de mapas de Google con Angular 2;https://www.udemia.cl/learn-to-build-a-google-map-app-using-angular-2/;Nivel principiante; 30.000 ;7; 116 
desarrollador web;1193538;HTML5 y CSS3: cree sitios web receptivos modernos;https://www.udemia.cl/html5-and-css3-build-modern-responsive-websites/;Todos los niveles; 175.000 ;69; 109 
desarrollador web;1178762;Desarrollo de WordPress - Guía completa de temas y complementos;https://www.udemia.cl/wordpress-theme-and-plugin-desarrollo-curso/;Todos los niveles; 200.000 ;72; 103 
desarrollador web;1019918;Master Angular 2 - El curso sin tonterías;https://www.udemia.cl/angular-2-tutorial/;Todos los niveles; 25.000 ;36; 102 
desarrollador web;1179104;Ruta de aprendizaje: React: Cree impresionantes sitios web de React;https://www.udemia.cl/learning-path-react-make-stunning-react-websites/;Nivel principiante; 200.000 ;53; 91 
desarrollador web;1194232;Ruta de aprendizaje: Akka: creación de aplicaciones y microservicios;https://www.udemia.cl/learning-path-akka-building-applications-and-microservices/;Nivel principiante; 200.000 ;55; 88 
desarrollador web;1152012;Conceptos básicos del CMS de Adobe Experience Manager;https://www.udemia.cl/adobe-experience-manager-basics/;Todos los niveles; 35.000 ;33; 81 
desarrollador web;1170920;Node:js: construcción de Apis Rest con Sails.js;https://www.udemia.cl/building-rest-apis-with-sailsjs-and-nodejs/;Todos los niveles; 100.000 ;44; 61 
desarrollador web;1131732;Configure un servidor web localhost para un desarrollo de sitios web más rápido;https://www.udemia.cl/servidor-web-localhost/;Todos los niveles; 30.000 ;31; 55 
desarrollador web;1227578;Ruta de aprendizaje: El camino hacia Elasticsearch;https://www.udemia.cl/learning-path-the-road-to-elasticsearch/;Nivel principiante; 200.000 ; 49 ; 50 
desarrollador web;1277924;Angular 4 de adelante hacia atrás;https://www.udemia.cl/angular-4-front-to-back/;Todos los niveles; 40.000 ; 44 ; 44 
desarrollador web;1248172;Fundamentos de Spring 5.0 para desarrolladores;https://www.udemia.cl/essentials-of-spring-50-for-developers/;Nivel principiante; 125.000 ;21; 34 
desarrollador web;1250934;Muestre y analice datos GIS en la web con Leaflet.js;https://www.udemia.cl/display-and-analyze-gis-data-on-the-web/;Nivel principiante; 100.000 ; 25 ; 25 
desarrollador web;1270222;Ruta de aprendizaje: aplicaciones web con Spring y Angular;https://www.udemia.cl/learning-path-web-applications-with-spring-and-angular/;Nivel principiante; 200.000 ; 19 ; 19 
